

INSERT INTO `biz_subjects` (`id`, `name`, `type`, `parent_id`, `level`, `code`, `remark`, `status`, `del_flag`, `percent`, `create_user`, `create_time`, `update_user`, `update_time`) VALUES (17, '差旅费', '00001', 0, 0, '0000101', '职工出差发生的费用', '0', '0', 0, NULL, NULL, NULL, NULL);
INSERT INTO `biz_subjects` (`id`, `name`, `type`, `parent_id`, `level`, `code`, `remark`, `status`, `del_flag`, `percent`, `create_user`, `create_time`, `update_user`, `update_time`) VALUES (18, '招待费', '00001', 0, 0, '0000102', '对外招待客户发生的餐费及职工内部聚餐发生的费用', '0', '0', 0, NULL, NULL, NULL, NULL);
INSERT INTO `biz_subjects` (`id`, `name`, `type`, `parent_id`, `level`, `code`, `remark`, `status`, `del_flag`, `percent`, `create_user`, `create_time`, `update_user`, `update_time`) VALUES (19, '通讯费', '00001', 0, 0, '0000103', '办公室有线电话使用费', '0', '0', 0, NULL, NULL, NULL, NULL);
INSERT INTO `biz_subjects` (`id`, `name`, `type`, `parent_id`, `level`, `code`, `remark`, `status`, `del_flag`, `percent`, `create_user`, `create_time`, `update_user`, `update_time`) VALUES (20, '交通费', '00001', 0, 0, '0000104', '管理部门市内办公发生的交通费，培训期间发生的市内交通费等', '0', '0', 0, NULL, NULL, NULL, NULL);
INSERT INTO `biz_subjects` (`id`, `name`, `type`, `parent_id`, `level`, `code`, `remark`, `status`, `del_flag`, `percent`, `create_user`, `create_time`, `update_user`, `update_time`) VALUES (21, '知识产权费', '00001', 0, 0, '0000105', '申请的知识产权费用', '0', '0', 0, NULL, NULL, NULL, NULL);
INSERT INTO `biz_subjects` (`id`, `name`, `type`, `parent_id`, `level`, `code`, `remark`, `status`, `del_flag`, `percent`, `create_user`, `create_time`, `update_user`, `update_time`) VALUES (22, '劳保费', '00001', 0, 0, '0000106', '公司为职工购买劳保用品所发生的费用', '0', '0', 0, NULL, NULL, NULL, NULL);
INSERT INTO `biz_subjects` (`id`, `name`, `type`, `parent_id`, `level`, `code`, `remark`, `status`, `del_flag`, `percent`, `create_user`, `create_time`, `update_user`, `update_time`) VALUES (23, '办公费', '00001', 0, 0, '0000107', '书报费，印刷费，日常办公用品费，消耗用品费，年检，审计费，其他。', '0', '0', 0, NULL, NULL, NULL, NULL);
INSERT INTO `biz_subjects` (`id`, `name`, `type`, `parent_id`, `level`, `code`, `remark`, `status`, `del_flag`, `percent`, `create_user`, `create_time`, `update_user`, `update_time`) VALUES (24, '修理费', '00001', 0, 0, '0000108', '包含电脑，空调，打印机，复印机等的修理安装费，硬件升级费，办公楼装修费，其他管理部办公用品移动和安装费等。', '0', '0', 0, NULL, NULL, NULL, NULL);
INSERT INTO `biz_subjects` (`id`, `name`, `type`, `parent_id`, `level`, `code`, `remark`, `status`, `del_flag`, `percent`, `create_user`, `create_time`, `update_user`, `update_time`) VALUES (25, '职工福利费', '00001', 0, 0, '0000109', '包括医疗用品，公司组织职工体检费，工伤医疗费，工作人员租房费，餐厅用厨具，夜班补助，职工慰问金。', '0', '0', 0, NULL, NULL, NULL, NULL);
INSERT INTO `biz_subjects` (`id`, `name`, `type`, `parent_id`, `level`, `code`, `remark`, `status`, `del_flag`, `percent`, `create_user`, `create_time`, `update_user`, `update_time`) VALUES (26, '折旧费', '00001', 0, 0, '0000110', '管理部使用的固定资产每月所计提的折旧。', '0', '0', 0, NULL, NULL, NULL, NULL);
INSERT INTO `biz_subjects` (`id`, `name`, `type`, `parent_id`, `level`, `code`, `remark`, `status`, `del_flag`, `percent`, `create_user`, `create_time`, `update_user`, `update_time`) VALUES (27, '咨询服务费', '00001', 0, 0, '0000111', '包含公司聘请律师顾问费、会计税务咨询费及其他信息咨询费用', '0', '0', 0, NULL, NULL, NULL, NULL);
INSERT INTO `biz_subjects` (`id`, `name`, `type`, `parent_id`, `level`, `code`, `remark`, `status`, `del_flag`, `percent`, `create_user`, `create_time`, `update_user`, `update_time`) VALUES (28, '物料消耗', '00001', 0, 0, '0000112', '购买硬盘、光盘、软盘等电脑用品，以及插座等维修零件', '0', '0', 0, NULL, NULL, NULL, NULL);
INSERT INTO `biz_subjects` (`id`, `name`, `type`, `parent_id`, `level`, `code`, `remark`, `status`, `del_flag`, `percent`, `create_user`, `create_time`, `update_user`, `update_time`) VALUES (29, '礼品费', '00001', 0, 0, '0000113', '节日福利', '0', '0', 0, NULL, NULL, NULL, NULL);
INSERT INTO `biz_subjects` (`id`, `name`, `type`, `parent_id`, `level`, `code`, `remark`, `status`, `del_flag`, `percent`, `create_user`, `create_time`, `update_user`, `update_time`) VALUES (30, '售后运费', '00001', 0, 0, '0000114', '通过运输公司发生的售后运费，售后问题不归属于生产部分的费用', '0', '0', 0, NULL, NULL, NULL, NULL);
INSERT INTO `biz_subjects` (`id`, `name`, `type`, `parent_id`, `level`, `code`, `remark`, `status`, `del_flag`, `percent`, `create_user`, `create_time`, `update_user`, `update_time`) VALUES (31, '售后费用', '00001', 0, 0, '0000115', '为履行合同约定的明确的售后条款内容应发生的一切费用，售后问题不归属于生产部分的费用', '0', '0', 0, NULL, NULL, NULL, NULL);
INSERT INTO `biz_subjects` (`id`, `name`, `type`, `parent_id`, `level`, `code`, `remark`, `status`, `del_flag`, `percent`, `create_user`, `create_time`, `update_user`, `update_time`) VALUES (32, '会议费', '00001', 0, 0, '0000116', '公司召开董事会发生的会议费', '0', '0', 0, NULL, NULL, NULL, NULL);
INSERT INTO `biz_subjects` (`id`, `name`, `type`, `parent_id`, `level`, `code`, `remark`, `status`, `del_flag`, `percent`, `create_user`, `create_time`, `update_user`, `update_time`) VALUES (33, '审计费', '00001', 0, 0, '0000117', '审计所出具审计报告费用', '0', '0', 0, NULL, NULL, NULL, NULL);
INSERT INTO `biz_subjects` (`id`, `name`, `type`, `parent_id`, `level`, `code`, `remark`, `status`, `del_flag`, `percent`, `create_user`, `create_time`, `update_user`, `update_time`) VALUES (34, '培训费', '00001', 0, 0, '0000118', '讲师费/资料费/餐费/其他', '0', '0', 0, NULL, NULL, NULL, NULL);
INSERT INTO `biz_subjects` (`id`, `name`, `type`, `parent_id`, `level`, `code`, `remark`, `status`, `del_flag`, `percent`, `create_user`, `create_time`, `update_user`, `update_time`) VALUES (35, '无形资产摊销', '00001', 0, 0, '0000119', '指月底对公司所拥有的无形资产分期摊销，结转费用', '0', '0', 0, NULL, NULL, NULL, NULL);
INSERT INTO `biz_subjects` (`id`, `name`, `type`, `parent_id`, `level`, `code`, `remark`, `status`, `del_flag`, `percent`, `create_user`, `create_time`, `update_user`, `update_time`) VALUES (36, '其它', '00001', 0, 0, '0000120', '与管理有关未列明的费用', '0', '0', 0, NULL, NULL, NULL, NULL);
INSERT INTO `biz_subjects` (`id`, `name`, `type`, `parent_id`, `level`, `code`, `remark`, `status`, `del_flag`, `percent`, `create_user`, `create_time`, `update_user`, `update_time`) VALUES (37, '办公费', '00002', 0, 0, '0000201', '书报费，印刷费，日常办公用品费，消耗用品费，年检，审计费，其他。', '0', '0', 0, NULL, NULL, NULL, NULL);
INSERT INTO `biz_subjects` (`id`, `name`, `type`, `parent_id`, `level`, `code`, `remark`, `status`, `del_flag`, `percent`, `create_user`, `create_time`, `update_user`, `update_time`) VALUES (38, '差旅费', '00002', 0, 0, '0000202', '职工出差发生的费用', '0', '0', 0, NULL, NULL, NULL, NULL);
INSERT INTO `biz_subjects` (`id`, `name`, `type`, `parent_id`, `level`, `code`, `remark`, `status`, `del_flag`, `percent`, `create_user`, `create_time`, `update_user`, `update_time`) VALUES (39, '软件费', '00002', 0, 0, '0000203', '购买软件的服务费', '0', '0', 0, NULL, NULL, NULL, NULL);
INSERT INTO `biz_subjects` (`id`, `name`, `type`, `parent_id`, `level`, `code`, `remark`, `status`, `del_flag`, `percent`, `create_user`, `create_time`, `update_user`, `update_time`) VALUES (40, '交通费', '00002', 0, 0, '0000204', '管理部门市内办公发生的交通费，培训期间发生的市内交通费等', '0', '0', 0, NULL, NULL, NULL, NULL);
INSERT INTO `biz_subjects` (`id`, `name`, `type`, `parent_id`, `level`, `code`, `remark`, `status`, `del_flag`, `percent`, `create_user`, `create_time`, `update_user`, `update_time`) VALUES (41, '贷款', '00002', 0, 0, '0000205', '银行贷款及其他筹资方式贷款', '0', '0', 0, NULL, NULL, NULL, NULL);
INSERT INTO `biz_subjects` (`id`, `name`, `type`, `parent_id`, `level`, `code`, `remark`, `status`, `del_flag`, `percent`, `create_user`, `create_time`, `update_user`, `update_time`) VALUES (42, '手续费', '00002', 0, 0, '0000206', '在银行结算过程中支付的手续费，办理电汇所支付的手续费、邮电费，购买空白支票、电汇单、汇票等所支付的工本费、银行转账手续费、电子回单柜年费等。', '0', '0', 0, NULL, NULL, NULL, NULL);
INSERT INTO `biz_subjects` (`id`, `name`, `type`, `parent_id`, `level`, `code`, `remark`, `status`, `del_flag`, `percent`, `create_user`, `create_time`, `update_user`, `update_time`) VALUES (43, '贷款利息', '00002', 0, 0, '0000207', '银行贷款利息支出及其他筹资方式下支付利息支出', '0', '0', 0, NULL, NULL, NULL, NULL);
INSERT INTO `biz_subjects` (`id`, `name`, `type`, `parent_id`, `level`, `code`, `remark`, `status`, `del_flag`, `percent`, `create_user`, `create_time`, `update_user`, `update_time`) VALUES (44, '差旅费', '00003', 0, 0, '0000301', '职工出差发生的费用', '0', '0', 0, NULL, NULL, NULL, NULL);
INSERT INTO `biz_subjects` (`id`, `name`, `type`, `parent_id`, `level`, `code`, `remark`, `status`, `del_flag`, `percent`, `create_user`, `create_time`, `update_user`, `update_time`) VALUES (45, '招待费', '00003', 0, 0, '0000302', '对外招待供应商发生的餐费及职工内部聚餐发生的费用', '0', '0', 0, NULL, NULL, NULL, NULL);
INSERT INTO `biz_subjects` (`id`, `name`, `type`, `parent_id`, `level`, `code`, `remark`, `status`, `del_flag`, `percent`, `create_user`, `create_time`, `update_user`, `update_time`) VALUES (46, '办公费', '00003', 0, 0, '0000303', '书报费，印刷费，日常办公用品费，消耗用品费，其他。', '0', '0', 0, NULL, NULL, NULL, NULL);
INSERT INTO `biz_subjects` (`id`, `name`, `type`, `parent_id`, `level`, `code`, `remark`, `status`, `del_flag`, `percent`, `create_user`, `create_time`, `update_user`, `update_time`) VALUES (47, '运输费', '00003', 0, 0, '0000304', '采购材料通过运输公司发生的运费', '0', '0', 0, NULL, NULL, NULL, NULL);
INSERT INTO `biz_subjects` (`id`, `name`, `type`, `parent_id`, `level`, `code`, `remark`, `status`, `del_flag`, `percent`, `create_user`, `create_time`, `update_user`, `update_time`) VALUES (48, '交通费', '00003', 0, 0, '0000305', '管理部门市内办公发生的交通费，培训期间发生的市内交通费等', '0', '0', 0, NULL, NULL, NULL, NULL);
INSERT INTO `biz_subjects` (`id`, `name`, `type`, `parent_id`, `level`, `code`, `remark`, `status`, `del_flag`, `percent`, `create_user`, `create_time`, `update_user`, `update_time`) VALUES (49, '其它', '00003', 0, 0, '0000306', '与采购有关未列明的费用', '0', '0', 0, NULL, NULL, NULL, NULL);
INSERT INTO `biz_subjects` (`id`, `name`, `type`, `parent_id`, `level`, `code`, `remark`, `status`, `del_flag`, `percent`, `create_user`, `create_time`, `update_user`, `update_time`) VALUES (50, '折旧费', '00004', 0, 0, '0000401', '生产车间使用的固定资产每月所计提的折旧。', '0', '0', 0, NULL, NULL, NULL, NULL);
INSERT INTO `biz_subjects` (`id`, `name`, `type`, `parent_id`, `level`, `code`, `remark`, `status`, `del_flag`, `percent`, `create_user`, `create_time`, `update_user`, `update_time`) VALUES (51, '刀具', '00004', 0, 0, '0000402', '生产车间购买的低值易耗品', '0', '0', 0, NULL, NULL, NULL, NULL);
INSERT INTO `biz_subjects` (`id`, `name`, `type`, `parent_id`, `level`, `code`, `remark`, `status`, `del_flag`, `percent`, `create_user`, `create_time`, `update_user`, `update_time`) VALUES (52, '夹具', '00004', 0, 0, '0000403', '生产车间购买的低值易耗品', '0', '0', 0, NULL, NULL, NULL, NULL);
INSERT INTO `biz_subjects` (`id`, `name`, `type`, `parent_id`, `level`, `code`, `remark`, `status`, `del_flag`, `percent`, `create_user`, `create_time`, `update_user`, `update_time`) VALUES (53, '量具', '00004', 0, 0, '0000404', '生产车间购买的低值易耗品', '0', '0', 0, NULL, NULL, NULL, NULL);
INSERT INTO `biz_subjects` (`id`, `name`, `type`, `parent_id`, `level`, `code`, `remark`, `status`, `del_flag`, `percent`, `create_user`, `create_time`, `update_user`, `update_time`) VALUES (54, '工具', '00004', 0, 0, '0000405', '生产车间购买的低值易耗品', '0', '0', 0, NULL, NULL, NULL, NULL);
INSERT INTO `biz_subjects` (`id`, `name`, `type`, `parent_id`, `level`, `code`, `remark`, `status`, `del_flag`, `percent`, `create_user`, `create_time`, `update_user`, `update_time`) VALUES (55, '售后费用', '00004', 0, 0, '0000406', '为履行合同约定的明确的售后条款内容应发生的一切费用，售后问题不归属于生产部分的费用', '0', '0', 0, NULL, NULL, NULL, NULL);
INSERT INTO `biz_subjects` (`id`, `name`, `type`, `parent_id`, `level`, `code`, `remark`, `status`, `del_flag`, `percent`, `create_user`, `create_time`, `update_user`, `update_time`) VALUES (56, '维修费', '00004', 0, 0, '0000409', '生产线的日常修理费', '0', '0', 0, NULL, NULL, NULL, NULL);
INSERT INTO `biz_subjects` (`id`, `name`, `type`, `parent_id`, `level`, `code`, `remark`, `status`, `del_flag`, `percent`, `create_user`, `create_time`, `update_user`, `update_time`) VALUES (57, '招待费', '00004', 0, 0, '0000407', '对外招待客户发生的餐费及职工内部聚餐发生的费用', '0', '0', 0, NULL, NULL, NULL, NULL);
INSERT INTO `biz_subjects` (`id`, `name`, `type`, `parent_id`, `level`, `code`, `remark`, `status`, `del_flag`, `percent`, `create_user`, `create_time`, `update_user`, `update_time`) VALUES (58, '劳保费', '00004', 0, 0, '0000408', '公司为职工购买劳保用品所发生的费用', '0', '0', 0, NULL, NULL, NULL, NULL);
INSERT INTO `biz_subjects` (`id`, `name`, `type`, `parent_id`, `level`, `code`, `remark`, `status`, `del_flag`, `percent`, `create_user`, `create_time`, `update_user`, `update_time`) VALUES (59, '委托加工费', '00004', 0, 0, '0000410', '委托外单位加工的各种物资的实际成本', '0', '0', 0, NULL, NULL, NULL, NULL);
INSERT INTO `biz_subjects` (`id`, `name`, `type`, `parent_id`, `level`, `code`, `remark`, `status`, `del_flag`, `percent`, `create_user`, `create_time`, `update_user`, `update_time`) VALUES (60, '差旅费', '00005', 0, 0, '0000501', '职工出差发生的费用', '0', '0', 0, NULL, NULL, NULL, NULL);
INSERT INTO `biz_subjects` (`id`, `name`, `type`, `parent_id`, `level`, `code`, `remark`, `status`, `del_flag`, `percent`, `create_user`, `create_time`, `update_user`, `update_time`) VALUES (61, '认证费', '00005', 0, 0, '0000502', '', '0', '0', 0, NULL, NULL, NULL, NULL);
INSERT INTO `biz_subjects` (`id`, `name`, `type`, `parent_id`, `level`, `code`, `remark`, `status`, `del_flag`, `percent`, `create_user`, `create_time`, `update_user`, `update_time`) VALUES (62, '培训费', '00005', 0, 0, '0000503', '讲师费/资料费/餐费/其他', '0', '0', 0, NULL, NULL, NULL, NULL);
INSERT INTO `biz_subjects` (`id`, `name`, `type`, `parent_id`, `level`, `code`, `remark`, `status`, `del_flag`, `percent`, `create_user`, `create_time`, `update_user`, `update_time`) VALUES (63, '检测费', '00005', 0, 0, '0000504', '', '0', '0', 0, NULL, NULL, NULL, NULL);
INSERT INTO `biz_subjects` (`id`, `name`, `type`, `parent_id`, `level`, `code`, `remark`, `status`, `del_flag`, `percent`, `create_user`, `create_time`, `update_user`, `update_time`) VALUES (64, '运费', '00005', 0, 0, '0000505', '通过运输公司发生的运费', '0', '0', 0, NULL, NULL, NULL, NULL);
INSERT INTO `biz_subjects` (`id`, `name`, `type`, `parent_id`, `level`, `code`, `remark`, `status`, `del_flag`, `percent`, `create_user`, `create_time`, `update_user`, `update_time`) VALUES (65, '差旅费', '00006', 0, 0, '0000601', '研究开发活动直接相关的其他费用', '0', '0', 0, NULL, NULL, NULL, NULL);
INSERT INTO `biz_subjects` (`id`, `name`, `type`, `parent_id`, `level`, `code`, `remark`, `status`, `del_flag`, `percent`, `create_user`, `create_time`, `update_user`, `update_time`) VALUES (66, '培训费', '00006', 0, 0, '0000602', '研究开发活动直接相关的其他费用', '0', '0', 0, NULL, NULL, NULL, NULL);
INSERT INTO `biz_subjects` (`id`, `name`, `type`, `parent_id`, `level`, `code`, `remark`, `status`, `del_flag`, `percent`, `create_user`, `create_time`, `update_user`, `update_time`) VALUES (67, '检测费', '00006', 0, 0, '0000603', '用于研究开发活动的仪器、设备的运行维护、调整、检验、检测、维修等费用', '0', '0', 0, NULL, NULL, NULL, NULL);
INSERT INTO `biz_subjects` (`id`, `name`, `type`, `parent_id`, `level`, `code`, `remark`, `status`, `del_flag`, `percent`, `create_user`, `create_time`, `update_user`, `update_time`) VALUES (68, '材料费', '00006', 0, 0, '0000604', '直接消耗的材料、燃料和动力费用', '0', '0', 0, NULL, NULL, NULL, NULL);
INSERT INTO `biz_subjects` (`id`, `name`, `type`, `parent_id`, `level`, `code`, `remark`, `status`, `del_flag`, `percent`, `create_user`, `create_time`, `update_user`, `update_time`) VALUES (69, '委托加工费', '00006', 0, 0, '0000605', '企业委托境内其他机构或个人进行研究开发活动所发生的费用', '0', '0', 0, NULL, NULL, NULL, NULL);
INSERT INTO `biz_subjects` (`id`, `name`, `type`, `parent_id`, `level`, `code`, `remark`, `status`, `del_flag`, `percent`, `create_user`, `create_time`, `update_user`, `update_time`) VALUES (70, '设备费', '00006', 0, 0, '0000606', '用于研究开发活动投入的设备', '0', '0', 0, NULL, NULL, NULL, NULL);
INSERT INTO `biz_subjects` (`id`, `name`, `type`, `parent_id`, `level`, `code`, `remark`, `status`, `del_flag`, `percent`, `create_user`, `create_time`, `update_user`, `update_time`) VALUES (71, '工装费', '00006', 0, 0, '0000607', '用于中间试验和产品试制的模具、工艺装备开发及制造费', '0', '0', 0, NULL, NULL, NULL, NULL);
INSERT INTO `biz_subjects` (`id`, `name`, `type`, `parent_id`, `level`, `code`, `remark`, `status`, `del_flag`, `percent`, `create_user`, `create_time`, `update_user`, `update_time`) VALUES (72, '试验费', '00006', 0, 0, '0000608', '用于研究开发活动的仪器、设备的运行维护、调整、检验、检测、维修等费用', '0', '0', 0, NULL, NULL, NULL, NULL);
INSERT INTO `biz_subjects` (`id`, `name`, `type`, `parent_id`, `level`, `code`, `remark`, `status`, `del_flag`, `percent`, `create_user`, `create_time`, `update_user`, `update_time`) VALUES (73, '模具', '00006', 0, 0, '0000609', '用于中间试验和产品试制的模具', '0', '0', 0, NULL, NULL, NULL, NULL);
INSERT INTO `biz_subjects` (`id`, `name`, `type`, `parent_id`, `level`, `code`, `remark`, `status`, `del_flag`, `percent`, `create_user`, `create_time`, `update_user`, `update_time`) VALUES (74, '生产电费', '00007', 0, 0, '0000701', '生产车间消耗电的费用', '0', '0', 0, NULL, NULL, NULL, NULL);
INSERT INTO `biz_subjects` (`id`, `name`, `type`, `parent_id`, `level`, `code`, `remark`, `status`, `del_flag`, `percent`, `create_user`, `create_time`, `update_user`, `update_time`) VALUES (75, '生产水费', '00007', 0, 0, '0000702', '生产车间消耗水的费用', '0', '0', 0, NULL, NULL, NULL, NULL);
INSERT INTO `biz_subjects` (`id`, `name`, `type`, `parent_id`, `level`, `code`, `remark`, `status`, `del_flag`, `percent`, `create_user`, `create_time`, `update_user`, `update_time`) VALUES (76, '办公电费', '00007', 0, 0, '0000703', '管理部门消耗电的费用', '0', '0', 0, NULL, NULL, NULL, NULL);
INSERT INTO `biz_subjects` (`id`, `name`, `type`, `parent_id`, `level`, `code`, `remark`, `status`, `del_flag`, `percent`, `create_user`, `create_time`, `update_user`, `update_time`) VALUES (77, '办公水费', '00007', 0, 0, '0000704', '管理部门消耗水的费用', '0', '0', 0, NULL, NULL, NULL, NULL);
INSERT INTO `biz_subjects` (`id`, `name`, `type`, `parent_id`, `level`, `code`, `remark`, `status`, `del_flag`, `percent`, `create_user`, `create_time`, `update_user`, `update_time`) VALUES (78, '差旅费', '00008', 0, 0, '0000801', '职工因工作外出期间发生的住宿费，交通费等，包括：交通车费、交通机票、住宿费、伙食补贴、其他相关的费用', '0', '0', 0, NULL, NULL, NULL, NULL);
INSERT INTO `biz_subjects` (`id`, `name`, `type`, `parent_id`, `level`, `code`, `remark`, `status`, `del_flag`, `percent`, `create_user`, `create_time`, `update_user`, `update_time`) VALUES (79, '招待费', '00008', 0, 0, '0000802', '销售部门发生的与销售活动有关的业务招待费支出，具体包括：餐饮费、礼品费、其他相关的费用', '0', '0', 0, NULL, NULL, NULL, NULL);
INSERT INTO `biz_subjects` (`id`, `name`, `type`, `parent_id`, `level`, `code`, `remark`, `status`, `del_flag`, `percent`, `create_user`, `create_time`, `update_user`, `update_time`) VALUES (80, '运费', '00008', 0, 0, '0000803', '为销售货物而发生的产品运输费用', '0', '0', 0, NULL, NULL, NULL, NULL);
INSERT INTO `biz_subjects` (`id`, `name`, `type`, `parent_id`, `level`, `code`, `remark`, `status`, `del_flag`, `percent`, `create_user`, `create_time`, `update_user`, `update_time`) VALUES (81, '包装费', '00008', 0, 0, '0000804', '为销售产品而直接发生的包装货物的费用', '0', '0', 0, NULL, NULL, NULL, NULL);
INSERT INTO `biz_subjects` (`id`, `name`, `type`, `parent_id`, `level`, `code`, `remark`, `status`, `del_flag`, `percent`, `create_user`, `create_time`, `update_user`, `update_time`) VALUES (82, '展会费', '00008', 0, 0, '0000805', '为开展促销或宣传产品等举办展览、展销会所支出的各项具有公共性质的费用，包括：资料费、礼品费、及其他相关的开支。', '0', '0', 0, NULL, NULL, NULL, NULL);
INSERT INTO `biz_subjects` (`id`, `name`, `type`, `parent_id`, `level`, `code`, `remark`, `status`, `del_flag`, `percent`, `create_user`, `create_time`, `update_user`, `update_time`) VALUES (83, '油费', '00009', 0, 0, '0000901', '车辆使用汽油、机油的费用', '0', '0', 0, NULL, NULL, NULL, NULL);
INSERT INTO `biz_subjects` (`id`, `name`, `type`, `parent_id`, `level`, `code`, `remark`, `status`, `del_flag`, `percent`, `create_user`, `create_time`, `update_user`, `update_time`) VALUES (84, '年检费', '00009', 0, 0, '0000902', '车辆发生的年检费', '0', '0', 0, NULL, NULL, NULL, NULL);
INSERT INTO `biz_subjects` (`id`, `name`, `type`, `parent_id`, `level`, `code`, `remark`, `status`, `del_flag`, `percent`, `create_user`, `create_time`, `update_user`, `update_time`) VALUES (85, '保险费', '00009', 0, 0, '0000903', '包含公司投的车辆保险费等', '0', '0', 0, NULL, NULL, NULL, NULL);
INSERT INTO `biz_subjects` (`id`, `name`, `type`, `parent_id`, `level`, `code`, `remark`, `status`, `del_flag`, `percent`, `create_user`, `create_time`, `update_user`, `update_time`) VALUES (86, '维修费', '00009', 0, 0, '0000904', '车辆的修理维护费', '0', '0', 0, NULL, NULL, NULL, NULL);
INSERT INTO `biz_subjects` (`id`, `name`, `type`, `parent_id`, `level`, `code`, `remark`, `status`, `del_flag`, `percent`, `create_user`, `create_time`, `update_user`, `update_time`) VALUES (87, '过路费', '00009', 0, 0, '0000905', '使用的车辆按国家规定所交的公路过路费', '0', '0', 0, NULL, NULL, NULL, NULL);
INSERT INTO `biz_subjects` (`id`, `name`, `type`, `parent_id`, `level`, `code`, `remark`, `status`, `del_flag`, `percent`, `create_user`, `create_time`, `update_user`, `update_time`) VALUES (88, '租赁费', '00009', 0, 0, '0000906', '租用车辆发生的费用', '0', '0', 0, NULL, NULL, NULL, NULL);
INSERT INTO `biz_subjects` (`id`, `name`, `type`, `parent_id`, `level`, `code`, `remark`, `status`, `del_flag`, `percent`, `create_user`, `create_time`, `update_user`, `update_time`) VALUES (89, '租金', '00010', 0, 0, '0001001', '包括厂房租赁费，会议室租赁费，职工宿舍房租，其他的管理部门使用场地时发生的场地费用。', '0', '0', 0, NULL, NULL, 35, '2022-04-14 09:47:30');
INSERT INTO `biz_subjects` (`id`, `name`, `type`, `parent_id`, `level`, `code`, `remark`, `status`, `del_flag`, `percent`, `create_user`, `create_time`, `update_user`, `update_time`) VALUES (90, '养老保险', '00011', 0, 0, '0001101', '公司和个人按一定工资比例交纳的保险', '0', '0', 0, NULL, NULL, NULL, NULL);
INSERT INTO `biz_subjects` (`id`, `name`, `type`, `parent_id`, `level`, `code`, `remark`, `status`, `del_flag`, `percent`, `create_user`, `create_time`, `update_user`, `update_time`) VALUES (91, '工伤保险', '00011', 0, 0, '0001102', '公司按一定工资比例交纳的保险', '0', '0', 0, NULL, NULL, NULL, NULL);
INSERT INTO `biz_subjects` (`id`, `name`, `type`, `parent_id`, `level`, `code`, `remark`, `status`, `del_flag`, `percent`, `create_user`, `create_time`, `update_user`, `update_time`) VALUES (92, '医疗保险', '00011', 0, 0, '0001103', '公司和个人按一定工资比例交纳的保险', '0', '0', 0, NULL, NULL, NULL, NULL);
INSERT INTO `biz_subjects` (`id`, `name`, `type`, `parent_id`, `level`, `code`, `remark`, `status`, `del_flag`, `percent`, `create_user`, `create_time`, `update_user`, `update_time`) VALUES (93, '失业保险', '00011', 0, 0, '0001104', '公司按一定工资比例交纳的保险', '0', '0', 0, NULL, NULL, NULL, NULL);
INSERT INTO `biz_subjects` (`id`, `name`, `type`, `parent_id`, `level`, `code`, `remark`, `status`, `del_flag`, `percent`, `create_user`, `create_time`, `update_user`, `update_time`) VALUES (94, '房屋', '00012', 0, 0, '0001201', '', '0', '0', 0, NULL, NULL, NULL, NULL);
INSERT INTO `biz_subjects` (`id`, `name`, `type`, `parent_id`, `level`, `code`, `remark`, `status`, `del_flag`, `percent`, `create_user`, `create_time`, `update_user`, `update_time`) VALUES (95, '建筑物', '00012', 0, 0, '0001202', '', '0', '0', 0, NULL, NULL, NULL, NULL);
INSERT INTO `biz_subjects` (`id`, `name`, `type`, `parent_id`, `level`, `code`, `remark`, `status`, `del_flag`, `percent`, `create_user`, `create_time`, `update_user`, `update_time`) VALUES (96, '机器', '00012', 0, 0, '0001203', '', '0', '0', 0, NULL, NULL, NULL, NULL);
INSERT INTO `biz_subjects` (`id`, `name`, `type`, `parent_id`, `level`, `code`, `remark`, `status`, `del_flag`, `percent`, `create_user`, `create_time`, `update_user`, `update_time`) VALUES (97, '设备', '00012', 0, 0, '0001204', '', '0', '0', 0, NULL, NULL, NULL, NULL);
INSERT INTO `biz_subjects` (`id`, `name`, `type`, `parent_id`, `level`, `code`, `remark`, `status`, `del_flag`, `percent`, `create_user`, `create_time`, `update_user`, `update_time`) VALUES (98, '模具', '00012', 0, 0, '0001205', '', '0', '0', 0, NULL, NULL, NULL, NULL);
INSERT INTO `biz_subjects` (`id`, `name`, `type`, `parent_id`, `level`, `code`, `remark`, `status`, `del_flag`, `percent`, `create_user`, `create_time`, `update_user`, `update_time`) VALUES (99, '运输工具', '00012', 0, 0, '0001206', '', '0', '0', 0, NULL, NULL, NULL, NULL);
INSERT INTO `biz_subjects` (`id`, `name`, `type`, `parent_id`, `level`, `code`, `remark`, `status`, `del_flag`, `percent`, `create_user`, `create_time`, `update_user`, `update_time`) VALUES (100, '器具', '00012', 0, 0, '0001207', '', '0', '0', 0, NULL, NULL, NULL, NULL);
INSERT INTO `biz_subjects` (`id`, `name`, `type`, `parent_id`, `level`, `code`, `remark`, `status`, `del_flag`, `percent`, `create_user`, `create_time`, `update_user`, `update_time`) VALUES (101, '工具', '00012', 0, 0, '0001208', '', '0', '0', 0, NULL, NULL, NULL, NULL);
INSERT INTO `biz_subjects` (`id`, `name`, `type`, `parent_id`, `level`, `code`, `remark`, `status`, `del_flag`, `percent`, `create_user`, `create_time`, `update_user`, `update_time`) VALUES (102, '家具', '00012', 0, 0, '0001209', '', '0', '0', 0, NULL, NULL, NULL, NULL);
INSERT INTO `biz_subjects` (`id`, `name`, `type`, `parent_id`, `level`, `code`, `remark`, `status`, `del_flag`, `percent`, `create_user`, `create_time`, `update_user`, `update_time`) VALUES (103, '电子设备', '00012', 0, 0, '0001210', '', '0', '0', 0, NULL, NULL, NULL, NULL);
INSERT INTO `biz_subjects` (`id`, `name`, `type`, `parent_id`, `level`, `code`, `remark`, `status`, `del_flag`, `percent`, `create_user`, `create_time`, `update_user`, `update_time`) VALUES (104, '增值税', '00013', 0, 0, '0001301', '', '0', '0', 0, NULL, NULL, NULL, NULL);
INSERT INTO `biz_subjects` (`id`, `name`, `type`, `parent_id`, `level`, `code`, `remark`, `status`, `del_flag`, `percent`, `create_user`, `create_time`, `update_user`, `update_time`) VALUES (105, '城市维护建设税', '00013', 0, 0, '0001302', '', '0', '0', 0, NULL, NULL, NULL, NULL);
INSERT INTO `biz_subjects` (`id`, `name`, `type`, `parent_id`, `level`, `code`, `remark`, `status`, `del_flag`, `percent`, `create_user`, `create_time`, `update_user`, `update_time`) VALUES (106, '教育费附加', '00013', 0, 0, '0001303', '', '0', '0', 0, NULL, NULL, NULL, NULL);
INSERT INTO `biz_subjects` (`id`, `name`, `type`, `parent_id`, `level`, `code`, `remark`, `status`, `del_flag`, `percent`, `create_user`, `create_time`, `update_user`, `update_time`) VALUES (107, '地方教育费附加', '00013', 0, 0, '0001304', '', '0', '0', 0, NULL, NULL, NULL, NULL);
INSERT INTO `biz_subjects` (`id`, `name`, `type`, `parent_id`, `level`, `code`, `remark`, `status`, `del_flag`, `percent`, `create_user`, `create_time`, `update_user`, `update_time`) VALUES (108, '印花税', '00013', 0, 0, '0001305', '', '0', '0', 0, NULL, NULL, NULL, NULL);
INSERT INTO `biz_subjects` (`id`, `name`, `type`, `parent_id`, `level`, `code`, `remark`, `status`, `del_flag`, `percent`, `create_user`, `create_time`, `update_user`, `update_time`) VALUES (109, '土地使用税', '00013', 0, 0, '0001306', '', '0', '0', 0, NULL, NULL, NULL, NULL);
INSERT INTO `biz_subjects` (`id`, `name`, `type`, `parent_id`, `level`, `code`, `remark`, `status`, `del_flag`, `percent`, `create_user`, `create_time`, `update_user`, `update_time`) VALUES (110, '企业所得税', '00013', 0, 0, '0001307', '', '0', '0', 0, NULL, NULL, NULL, NULL);
INSERT INTO `biz_subjects` (`id`, `name`, `type`, `parent_id`, `level`, `code`, `remark`, `status`, `del_flag`, `percent`, `create_user`, `create_time`, `update_user`, `update_time`) VALUES (111, '残疾人就业保障金', '00013', 0, 0, '0001308', '', '0', '0', 0, NULL, NULL, NULL, NULL);
INSERT INTO `biz_subjects` (`id`, `name`, `type`, `parent_id`, `level`, `code`, `remark`, `status`, `del_flag`, `percent`, `create_user`, `create_time`, `update_user`, `update_time`) VALUES (112, '房产税', '00013', 0, 0, '0001309', '', '0', '0', 0, NULL, NULL, NULL, NULL);
INSERT INTO `biz_subjects` (`id`, `name`, `type`, `parent_id`, `level`, `code`, `remark`, `status`, `del_flag`, `percent`, `create_user`, `create_time`, `update_user`, `update_time`) VALUES (113, '工会经费', '00013', 0, 0, '0001310', '', '0', '0', 0, NULL, NULL, NULL, NULL);
INSERT INTO `biz_subjects` (`id`, `name`, `type`, `parent_id`, `level`, `code`, `remark`, `status`, `del_flag`, `percent`, `create_user`, `create_time`, `update_user`, `update_time`) VALUES (114, '原材料', '00014', 0, 0, '0001401', '', '0', '0', 0, NULL, NULL, NULL, NULL);
INSERT INTO `biz_subjects` (`id`, `name`, `type`, `parent_id`, `level`, `code`, `remark`, `status`, `del_flag`, `percent`, `create_user`, `create_time`, `update_user`, `update_time`) VALUES (115, '辅助材料', '00014', 0, 0, '0001402', '', '0', '0', 0, NULL, NULL, NULL, NULL);
INSERT INTO `biz_subjects` (`id`, `name`, `type`, `parent_id`, `level`, `code`, `remark`, `status`, `del_flag`, `percent`, `create_user`, `create_time`, `update_user`, `update_time`) VALUES (116, '整机采购', '00014', 0, 0, '0001403', '', '0', '0', 0, NULL, NULL, NULL, NULL);
INSERT INTO `biz_subjects` (`id`, `name`, `type`, `parent_id`, `level`, `code`, `remark`, `status`, `del_flag`, `percent`, `create_user`, `create_time`, `update_user`, `update_time`) VALUES (117, '行政管理中心', '00015', 0, 0, '0001501', '', '0', '0', 0, NULL, NULL, 39, '2022-04-14 08:28:01');
INSERT INTO `biz_subjects` (`id`, `name`, `type`, `parent_id`, `level`, `code`, `remark`, `status`, `del_flag`, `percent`, `create_user`, `create_time`, `update_user`, `update_time`) VALUES (118, '经营管理中心', '00015', 0, 0, '0001502', '', '0', '0', 0, NULL, NULL, 39, '2022-04-14 08:27:50');
INSERT INTO `biz_subjects` (`id`, `name`, `type`, `parent_id`, `level`, `code`, `remark`, `status`, `del_flag`, `percent`, `create_user`, `create_time`, `update_user`, `update_time`) VALUES (119, '技术质量管理中心', '00015', 0, 0, '0001503', '', '0', '0', 0, NULL, NULL, 39, '2022-04-14 08:27:45');
INSERT INTO `biz_subjects` (`id`, `name`, `type`, `parent_id`, `level`, `code`, `remark`, `status`, `del_flag`, `percent`, `create_user`, `create_time`, `update_user`, `update_time`) VALUES (120, '财务管理中心', '00015', 0, 0, '0001504', '', '0', '0', 0, NULL, NULL, 39, '2022-04-14 08:27:39');
INSERT INTO `biz_subjects` (`id`, `name`, `type`, `parent_id`, `level`, `code`, `remark`, `status`, `del_flag`, `percent`, `create_user`, `create_time`, `update_user`, `update_time`) VALUES (121, '产品研发中心', '00015', 0, 0, '0001505', '', '0', '0', 0, NULL, NULL, 39, '2022-04-14 08:27:32');
INSERT INTO `biz_subjects` (`id`, `name`, `type`, `parent_id`, `level`, `code`, `remark`, `status`, `del_flag`, `percent`, `create_user`, `create_time`, `update_user`, `update_time`) VALUES (122, '采购部', '00015', 0, 0, '0001506', '', '0', '0', 0, NULL, NULL, 39, '2022-04-14 08:27:27');
INSERT INTO `biz_subjects` (`id`, `name`, `type`, `parent_id`, `level`, `code`, `remark`, `status`, `del_flag`, `percent`, `create_user`, `create_time`, `update_user`, `update_time`) VALUES (123, '库房', '00015', 0, 0, '0001507', '', '0', '0', 0, NULL, NULL, 39, '2022-04-14 08:27:21');
INSERT INTO `biz_subjects` (`id`, `name`, `type`, `parent_id`, `level`, `code`, `remark`, `status`, `del_flag`, `percent`, `create_user`, `create_time`, `update_user`, `update_time`) VALUES (124, '机加事业部', '00015', 0, 0, '0001508', '', '0', '0', 0, NULL, NULL, 39, '2022-04-14 08:27:11');
INSERT INTO `biz_subjects` (`id`, `name`, `type`, `parent_id`, `level`, `code`, `remark`, `status`, `del_flag`, `percent`, `create_user`, `create_time`, `update_user`, `update_time`) VALUES (125, '控制阀事业部', '00015', 0, 0, '0001509', '', '0', '0', 0, NULL, NULL, 39, '2022-04-14 08:27:06');
INSERT INTO `biz_subjects` (`id`, `name`, `type`, `parent_id`, `level`, `code`, `remark`, `status`, `del_flag`, `percent`, `create_user`, `create_time`, `update_user`, `update_time`) VALUES (126, '覆层事业部', '00015', 0, 0, '0001510', '', '0', '0', 0, NULL, NULL, 39, '2022-04-14 08:27:01');
INSERT INTO `biz_subjects` (`id`, `name`, `type`, `parent_id`, `level`, `code`, `remark`, `status`, `del_flag`, `percent`, `create_user`, `create_time`, `update_user`, `update_time`) VALUES (127, '装配事业部', '00015', 0, 0, '0001511', '', '0', '0', 0, NULL, NULL, 39, '2022-04-14 08:26:56');
INSERT INTO `biz_subjects` (`id`, `name`, `type`, `parent_id`, `level`, `code`, `remark`, `status`, `del_flag`, `percent`, `create_user`, `create_time`, `update_user`, `update_time`) VALUES (128, '橡胶事业部', '00015', 0, 0, '0001512', '', '0', '0', 0, NULL, NULL, 39, '2022-04-14 08:26:50');




INSERT INTO `biz_cost_budget_dept` (`id`, `name`, `dept_id`, `dept_pid`, `cost_ratio`, `status`, `remark`, `del_flag`, `create_user`, `create_time`, `update_user`, `update_time`) VALUES (2, '财务管理中心', 35, 1, 24.146, '0', '', '0', 35, '2022-02-14 15:40:03', 35, '2022-04-14 08:39:20');
INSERT INTO `biz_cost_budget_dept` (`id`, `name`, `dept_id`, `dept_pid`, `cost_ratio`, `status`, `remark`, `del_flag`, `create_user`, `create_time`, `update_user`, `update_time`) VALUES (3, '总助办', 36, 1, 0.000, '0', '', '0', 35, '2022-02-14 15:40:12', 87, '2022-03-22 09:30:17');
INSERT INTO `biz_cost_budget_dept` (`id`, `name`, `dept_id`, `dept_pid`, `cost_ratio`, `status`, `remark`, `del_flag`, `create_user`, `create_time`, `update_user`, `update_time`) VALUES (6, '技术质量管理中心', 32, 23, 1.421, '0', '', '0', 39, '2022-03-21 15:11:22', 35, '2022-04-14 08:42:14');
INSERT INTO `biz_cost_budget_dept` (`id`, `name`, `dept_id`, `dept_pid`, `cost_ratio`, `status`, `remark`, `del_flag`, `create_user`, `create_time`, `update_user`, `update_time`) VALUES (7, '经营管理中心', 24, 23, 62.043, '0', '', '0', 87, '2022-03-22 09:29:27', 35, '2022-04-14 08:39:39');
INSERT INTO `biz_cost_budget_dept` (`id`, `name`, `dept_id`, `dept_pid`, `cost_ratio`, `status`, `remark`, `del_flag`, `create_user`, `create_time`, `update_user`, `update_time`) VALUES (8, '行政管理中心', 34, 23, 7.374, '0', '', '0', 87, '2022-03-22 09:30:36', 35, '2022-04-14 08:40:16');
INSERT INTO `biz_cost_budget_dept` (`id`, `name`, `dept_id`, `dept_pid`, `cost_ratio`, `status`, `remark`, `del_flag`, `create_user`, `create_time`, `update_user`, `update_time`) VALUES (10, '总经理办公室', 1, 0, 0.000, '0', '', '0', 87, '2022-03-22 09:31:07', 35, '2022-04-14 08:41:58');
INSERT INTO `biz_cost_budget_dept` (`id`, `name`, `dept_id`, `dept_pid`, `cost_ratio`, `status`, `remark`, `del_flag`, `create_user`, `create_time`, `update_user`, `update_time`) VALUES (11, '采购部', 25, 24, 0.000, '0', '', '0', 87, '2022-03-22 09:31:27', 35, '2022-04-14 08:41:15');
INSERT INTO `biz_cost_budget_dept` (`id`, `name`, `dept_id`, `dept_pid`, `cost_ratio`, `status`, `remark`, `del_flag`, `create_user`, `create_time`, `update_user`, `update_time`) VALUES (12, '产品研发中心', 38, 1, 5.016, '0', '', '0', 39, '2022-04-14 08:22:45', 35, '2022-04-14 08:41:03');
INSERT INTO `biz_cost_budget_dept` (`id`, `name`, `dept_id`, `dept_pid`, `cost_ratio`, `status`, `remark`, `del_flag`, `create_user`, `create_time`, `update_user`, `update_time`) VALUES (13, '副总办', 23, 1, 0.000, '0', '', '0', 35, '2022-04-14 08:39:46', 35, '2022-04-14 08:39:46');
INSERT INTO `biz_cost_budget_dept` (`id`, `name`, `dept_id`, `dept_pid`, `cost_ratio`, `status`, `remark`, `del_flag`, `create_user`, `create_time`, `update_user`, `update_time`) VALUES (14, '总工办', 37, 1, 0.000, '0', '', '0', 35, '2022-04-14 08:40:38', 35, '2022-04-14 08:40:38');
INSERT INTO `biz_cost_budget_dept` (`id`, `name`, `dept_id`, `dept_pid`, `cost_ratio`, `status`, `remark`, `del_flag`, `create_user`, `create_time`, `update_user`, `update_time`) VALUES (15, '库房', 26, 24, 0.000, '0', '', '0', 35, '2022-04-14 08:41:19', 35, '2022-04-14 08:41:19');
INSERT INTO `biz_cost_budget_dept` (`id`, `name`, `dept_id`, `dept_pid`, `cost_ratio`, `status`, `remark`, `del_flag`, `create_user`, `create_time`, `update_user`, `update_time`) VALUES (16, '装配车间', 27, 24, 0.000, '0', '', '0', 35, '2022-04-14 08:41:22', 35, '2022-04-14 08:41:22');
INSERT INTO `biz_cost_budget_dept` (`id`, `name`, `dept_id`, `dept_pid`, `cost_ratio`, `status`, `remark`, `del_flag`, `create_user`, `create_time`, `update_user`, `update_time`) VALUES (17, '喷涂车间', 28, 24, 0.000, '0', '', '0', 35, '2022-04-14 08:41:27', 35, '2022-04-14 08:41:27');
INSERT INTO `biz_cost_budget_dept` (`id`, `name`, `dept_id`, `dept_pid`, `cost_ratio`, `status`, `remark`, `del_flag`, `create_user`, `create_time`, `update_user`, `update_time`) VALUES (18, '机加车间', 29, 24, 0.000, '0', '', '0', 35, '2022-04-14 08:41:30', 35, '2022-04-14 08:41:30');
INSERT INTO `biz_cost_budget_dept` (`id`, `name`, `dept_id`, `dept_pid`, `cost_ratio`, `status`, `remark`, `del_flag`, `create_user`, `create_time`, `update_user`, `update_time`) VALUES (19, '自控车间', 30, 24, 0.000, '0', '', '0', 35, '2022-04-14 08:42:03', 35, '2022-04-14 08:42:03');
INSERT INTO `biz_cost_budget_dept` (`id`, `name`, `dept_id`, `dept_pid`, `cost_ratio`, `status`, `remark`, `del_flag`, `create_user`, `create_time`, `update_user`, `update_time`) VALUES (20, '橡胶车间', 31, 24, 0.000, '0', '', '0', 35, '2022-04-14 08:42:08', 35, '2022-04-14 08:42:08');
INSERT INTO `biz_cost_budget_dept` (`id`, `name`, `dept_id`, `dept_pid`, `cost_ratio`, `status`, `remark`, `del_flag`, `create_user`, `create_time`, `update_user`, `update_time`) VALUES (21, '实验室', 33, 32, 0.000, '0', '', '0', 35, '2022-04-14 08:42:19', 35, '2022-04-14 08:42:19');




INSERT INTO `biz_cost_budget_subjects` (`id`, `name`, `dept_id`, `subjects_type`, `subjects_id`, `cost_ratio`, `status`, `remark`, `del_flag`, `create_user`, `create_time`, `update_user`, `update_time`) VALUES (150, '差旅费', 24, '00003', 44, 0.012, '0', '', '0', NULL, NULL, NULL, NULL);
INSERT INTO `biz_cost_budget_subjects` (`id`, `name`, `dept_id`, `subjects_type`, `subjects_id`, `cost_ratio`, `status`, `remark`, `del_flag`, `create_user`, `create_time`, `update_user`, `update_time`) VALUES (151, '招待费', 24, '00003', 45, 0.012, '0', '', '0', NULL, NULL, NULL, NULL);
INSERT INTO `biz_cost_budget_subjects` (`id`, `name`, `dept_id`, `subjects_type`, `subjects_id`, `cost_ratio`, `status`, `remark`, `del_flag`, `create_user`, `create_time`, `update_user`, `update_time`) VALUES (152, '办公费', 24, '00003', 46, 0.002, '0', '', '0', NULL, NULL, NULL, NULL);
INSERT INTO `biz_cost_budget_subjects` (`id`, `name`, `dept_id`, `subjects_type`, `subjects_id`, `cost_ratio`, `status`, `remark`, `del_flag`, `create_user`, `create_time`, `update_user`, `update_time`) VALUES (153, '运输费', 24, '00003', 47, 1.842, '0', '', '0', NULL, NULL, NULL, NULL);
INSERT INTO `biz_cost_budget_subjects` (`id`, `name`, `dept_id`, `subjects_type`, `subjects_id`, `cost_ratio`, `status`, `remark`, `del_flag`, `create_user`, `create_time`, `update_user`, `update_time`) VALUES (154, '交通费', 24, '00003', 48, 0.012, '0', '', '0', NULL, NULL, NULL, NULL);
INSERT INTO `biz_cost_budget_subjects` (`id`, `name`, `dept_id`, `subjects_type`, `subjects_id`, `cost_ratio`, `status`, `remark`, `del_flag`, `create_user`, `create_time`, `update_user`, `update_time`) VALUES (155, '其它', 24, '00003', 49, 0.012, '0', '', '0', NULL, NULL, NULL, NULL);
INSERT INTO `biz_cost_budget_subjects` (`id`, `name`, `dept_id`, `subjects_type`, `subjects_id`, `cost_ratio`, `status`, `remark`, `del_flag`, `create_user`, `create_time`, `update_user`, `update_time`) VALUES (156, '折旧费', 24, '00004', 50, 0.000, '0', '', '0', NULL, NULL, NULL, NULL);
INSERT INTO `biz_cost_budget_subjects` (`id`, `name`, `dept_id`, `subjects_type`, `subjects_id`, `cost_ratio`, `status`, `remark`, `del_flag`, `create_user`, `create_time`, `update_user`, `update_time`) VALUES (157, '刀具', 24, '00004', 51, 0.345, '0', '', '0', NULL, NULL, NULL, NULL);
INSERT INTO `biz_cost_budget_subjects` (`id`, `name`, `dept_id`, `subjects_type`, `subjects_id`, `cost_ratio`, `status`, `remark`, `del_flag`, `create_user`, `create_time`, `update_user`, `update_time`) VALUES (158, '夹具', 24, '00004', 52, 0.092, '0', '', '0', NULL, NULL, NULL, NULL);
INSERT INTO `biz_cost_budget_subjects` (`id`, `name`, `dept_id`, `subjects_type`, `subjects_id`, `cost_ratio`, `status`, `remark`, `del_flag`, `create_user`, `create_time`, `update_user`, `update_time`) VALUES (159, '量具', 24, '00004', 53, 0.058, '0', '', '0', NULL, NULL, NULL, NULL);
INSERT INTO `biz_cost_budget_subjects` (`id`, `name`, `dept_id`, `subjects_type`, `subjects_id`, `cost_ratio`, `status`, `remark`, `del_flag`, `create_user`, `create_time`, `update_user`, `update_time`) VALUES (160, '工具', 24, '00004', 54, 0.345, '0', '', '0', NULL, NULL, NULL, NULL);
INSERT INTO `biz_cost_budget_subjects` (`id`, `name`, `dept_id`, `subjects_type`, `subjects_id`, `cost_ratio`, `status`, `remark`, `del_flag`, `create_user`, `create_time`, `update_user`, `update_time`) VALUES (161, '售后费用', 24, '00004', 55, 0.046, '0', '', '0', NULL, NULL, NULL, NULL);
INSERT INTO `biz_cost_budget_subjects` (`id`, `name`, `dept_id`, `subjects_type`, `subjects_id`, `cost_ratio`, `status`, `remark`, `del_flag`, `create_user`, `create_time`, `update_user`, `update_time`) VALUES (162, '招待费', 24, '00004', 57, 0.002, '0', '', '0', NULL, NULL, NULL, NULL);
INSERT INTO `biz_cost_budget_subjects` (`id`, `name`, `dept_id`, `subjects_type`, `subjects_id`, `cost_ratio`, `status`, `remark`, `del_flag`, `create_user`, `create_time`, `update_user`, `update_time`) VALUES (163, '劳保费', 24, '00004', 58, 0.138, '0', '', '0', NULL, NULL, NULL, NULL);
INSERT INTO `biz_cost_budget_subjects` (`id`, `name`, `dept_id`, `subjects_type`, `subjects_id`, `cost_ratio`, `status`, `remark`, `del_flag`, `create_user`, `create_time`, `update_user`, `update_time`) VALUES (164, '维修费', 24, '00004', 56, 0.230, '0', '', '0', NULL, NULL, NULL, NULL);
INSERT INTO `biz_cost_budget_subjects` (`id`, `name`, `dept_id`, `subjects_type`, `subjects_id`, `cost_ratio`, `status`, `remark`, `del_flag`, `create_user`, `create_time`, `update_user`, `update_time`) VALUES (165, '委托加工费', 24, '00004', 59, 0.115, '0', '', '0', NULL, NULL, NULL, NULL);
INSERT INTO `biz_cost_budget_subjects` (`id`, `name`, `dept_id`, `subjects_type`, `subjects_id`, `cost_ratio`, `status`, `remark`, `del_flag`, `create_user`, `create_time`, `update_user`, `update_time`) VALUES (166, '差旅费', 24, '00008', 78, 0.023, '0', '', '0', NULL, NULL, NULL, NULL);
INSERT INTO `biz_cost_budget_subjects` (`id`, `name`, `dept_id`, `subjects_type`, `subjects_id`, `cost_ratio`, `status`, `remark`, `del_flag`, `create_user`, `create_time`, `update_user`, `update_time`) VALUES (167, '招待费', 24, '00008', 79, 0.012, '0', '', '0', NULL, NULL, NULL, NULL);
INSERT INTO `biz_cost_budget_subjects` (`id`, `name`, `dept_id`, `subjects_type`, `subjects_id`, `cost_ratio`, `status`, `remark`, `del_flag`, `create_user`, `create_time`, `update_user`, `update_time`) VALUES (168, '运费', 24, '00008', 80, 6.608, '0', '', '0', NULL, NULL, NULL, NULL);
INSERT INTO `biz_cost_budget_subjects` (`id`, `name`, `dept_id`, `subjects_type`, `subjects_id`, `cost_ratio`, `status`, `remark`, `del_flag`, `create_user`, `create_time`, `update_user`, `update_time`) VALUES (169, '展会费', 24, '00008', 82, 0.691, '0', '', '0', NULL, NULL, NULL, NULL);
INSERT INTO `biz_cost_budget_subjects` (`id`, `name`, `dept_id`, `subjects_type`, `subjects_id`, `cost_ratio`, `status`, `remark`, `del_flag`, `create_user`, `create_time`, `update_user`, `update_time`) VALUES (170, '机器', 24, '00012', 96, 0.000, '0', '', '0', NULL, NULL, NULL, NULL);
INSERT INTO `biz_cost_budget_subjects` (`id`, `name`, `dept_id`, `subjects_type`, `subjects_id`, `cost_ratio`, `status`, `remark`, `del_flag`, `create_user`, `create_time`, `update_user`, `update_time`) VALUES (171, '设备', 24, '00012', 97, 0.345, '0', '', '0', NULL, NULL, NULL, NULL);
INSERT INTO `biz_cost_budget_subjects` (`id`, `name`, `dept_id`, `subjects_type`, `subjects_id`, `cost_ratio`, `status`, `remark`, `del_flag`, `create_user`, `create_time`, `update_user`, `update_time`) VALUES (172, '器具', 24, '00012', 100, 0.000, '0', '', '0', NULL, NULL, NULL, NULL);
INSERT INTO `biz_cost_budget_subjects` (`id`, `name`, `dept_id`, `subjects_type`, `subjects_id`, `cost_ratio`, `status`, `remark`, `del_flag`, `create_user`, `create_time`, `update_user`, `update_time`) VALUES (173, '工具', 24, '00012', 101, 0.115, '0', '', '0', NULL, NULL, NULL, NULL);
INSERT INTO `biz_cost_budget_subjects` (`id`, `name`, `dept_id`, `subjects_type`, `subjects_id`, `cost_ratio`, `status`, `remark`, `del_flag`, `create_user`, `create_time`, `update_user`, `update_time`) VALUES (174, '原材料', 24, '00014', 114, 61.416, '0', '', '0', NULL, NULL, NULL, NULL);
INSERT INTO `biz_cost_budget_subjects` (`id`, `name`, `dept_id`, `subjects_type`, `subjects_id`, `cost_ratio`, `status`, `remark`, `del_flag`, `create_user`, `create_time`, `update_user`, `update_time`) VALUES (175, '辅助材料', 24, '00014', 115, 10.361, '0', '', '0', NULL, NULL, NULL, NULL);
INSERT INTO `biz_cost_budget_subjects` (`id`, `name`, `dept_id`, `subjects_type`, `subjects_id`, `cost_ratio`, `status`, `remark`, `del_flag`, `create_user`, `create_time`, `update_user`, `update_time`) VALUES (176, '整机采购', 24, '00014', 116, 1.382, '0', '', '0', NULL, NULL, NULL, NULL);
INSERT INTO `biz_cost_budget_subjects` (`id`, `name`, `dept_id`, `subjects_type`, `subjects_id`, `cost_ratio`, `status`, `remark`, `del_flag`, `create_user`, `create_time`, `update_user`, `update_time`) VALUES (177, '经营管理中心', 24, '00015', 118, 1.335, '0', '', '0', NULL, NULL, NULL, NULL);
INSERT INTO `biz_cost_budget_subjects` (`id`, `name`, `dept_id`, `subjects_type`, `subjects_id`, `cost_ratio`, `status`, `remark`, `del_flag`, `create_user`, `create_time`, `update_user`, `update_time`) VALUES (178, '采购部', 24, '00015', 122, 2.694, '0', '', '0', NULL, NULL, NULL, NULL);
INSERT INTO `biz_cost_budget_subjects` (`id`, `name`, `dept_id`, `subjects_type`, `subjects_id`, `cost_ratio`, `status`, `remark`, `del_flag`, `create_user`, `create_time`, `update_user`, `update_time`) VALUES (179, '库房', 24, '00015', 123, 1.266, '0', '', '0', NULL, NULL, NULL, NULL);
INSERT INTO `biz_cost_budget_subjects` (`id`, `name`, `dept_id`, `subjects_type`, `subjects_id`, `cost_ratio`, `status`, `remark`, `del_flag`, `create_user`, `create_time`, `update_user`, `update_time`) VALUES (180, '机加事业部', 24, '00015', 124, 1.382, '0', '', '0', NULL, NULL, NULL, NULL);
INSERT INTO `biz_cost_budget_subjects` (`id`, `name`, `dept_id`, `subjects_type`, `subjects_id`, `cost_ratio`, `status`, `remark`, `del_flag`, `create_user`, `create_time`, `update_user`, `update_time`) VALUES (181, '控制阀事业部', 24, '00015', 125, 3.224, '0', '', '0', NULL, NULL, NULL, NULL);
INSERT INTO `biz_cost_budget_subjects` (`id`, `name`, `dept_id`, `subjects_type`, `subjects_id`, `cost_ratio`, `status`, `remark`, `del_flag`, `create_user`, `create_time`, `update_user`, `update_time`) VALUES (182, '覆层事业部', 24, '00015', 126, 2.763, '0', '', '0', NULL, NULL, NULL, NULL);
INSERT INTO `biz_cost_budget_subjects` (`id`, `name`, `dept_id`, `subjects_type`, `subjects_id`, `cost_ratio`, `status`, `remark`, `del_flag`, `create_user`, `create_time`, `update_user`, `update_time`) VALUES (183, '装配事业部', 24, '00015', 127, 3.108, '0', '', '0', NULL, NULL, NULL, NULL);
INSERT INTO `biz_cost_budget_subjects` (`id`, `name`, `dept_id`, `subjects_type`, `subjects_id`, `cost_ratio`, `status`, `remark`, `del_flag`, `create_user`, `create_time`, `update_user`, `update_time`) VALUES (184, '差旅费', 32, '00005', 60, 1.005, '0', '', '0', NULL, NULL, NULL, NULL);
INSERT INTO `biz_cost_budget_subjects` (`id`, `name`, `dept_id`, `subjects_type`, `subjects_id`, `cost_ratio`, `status`, `remark`, `del_flag`, `create_user`, `create_time`, `update_user`, `update_time`) VALUES (185, '认证费', 32, '00005', 61, 5.529, '0', '', '0', NULL, NULL, NULL, NULL);
INSERT INTO `biz_cost_budget_subjects` (`id`, `name`, `dept_id`, `subjects_type`, `subjects_id`, `cost_ratio`, `status`, `remark`, `del_flag`, `create_user`, `create_time`, `update_user`, `update_time`) VALUES (186, '培训费', 32, '00005', 62, 1.508, '0', '', '0', NULL, NULL, NULL, NULL);
INSERT INTO `biz_cost_budget_subjects` (`id`, `name`, `dept_id`, `subjects_type`, `subjects_id`, `cost_ratio`, `status`, `remark`, `del_flag`, `create_user`, `create_time`, `update_user`, `update_time`) VALUES (187, '检测费', 32, '00005', 63, 2.011, '0', '', '0', NULL, NULL, NULL, NULL);
INSERT INTO `biz_cost_budget_subjects` (`id`, `name`, `dept_id`, `subjects_type`, `subjects_id`, `cost_ratio`, `status`, `remark`, `del_flag`, `create_user`, `create_time`, `update_user`, `update_time`) VALUES (188, '运费', 32, '00005', 64, 1.508, '0', '', '0', NULL, NULL, NULL, NULL);
INSERT INTO `biz_cost_budget_subjects` (`id`, `name`, `dept_id`, `subjects_type`, `subjects_id`, `cost_ratio`, `status`, `remark`, `del_flag`, `create_user`, `create_time`, `update_user`, `update_time`) VALUES (189, '售后运费', 32, '00001', 30, 2.011, '0', '', '0', NULL, NULL, NULL, NULL);
INSERT INTO `biz_cost_budget_subjects` (`id`, `name`, `dept_id`, `subjects_type`, `subjects_id`, `cost_ratio`, `status`, `remark`, `del_flag`, `create_user`, `create_time`, `update_user`, `update_time`) VALUES (190, '售后费用', 32, '00001', 31, 1.508, '0', '', '0', NULL, NULL, NULL, NULL);
INSERT INTO `biz_cost_budget_subjects` (`id`, `name`, `dept_id`, `subjects_type`, `subjects_id`, `cost_ratio`, `status`, `remark`, `del_flag`, `create_user`, `create_time`, `update_user`, `update_time`) VALUES (191, '技术质量管理中心', 32, '00015', 119, 83.442, '0', '', '0', NULL, NULL, NULL, NULL);
INSERT INTO `biz_cost_budget_subjects` (`id`, `name`, `dept_id`, `subjects_type`, `subjects_id`, `cost_ratio`, `status`, `remark`, `del_flag`, `create_user`, `create_time`, `update_user`, `update_time`) VALUES (192, '差旅费', 34, '00001', 17, 2.519, '0', '', '0', NULL, NULL, NULL, NULL);
INSERT INTO `biz_cost_budget_subjects` (`id`, `name`, `dept_id`, `subjects_type`, `subjects_id`, `cost_ratio`, `status`, `remark`, `del_flag`, `create_user`, `create_time`, `update_user`, `update_time`) VALUES (193, '招待费', 34, '00001', 18, 0.969, '0', '', '0', NULL, NULL, NULL, NULL);
INSERT INTO `biz_cost_budget_subjects` (`id`, `name`, `dept_id`, `subjects_type`, `subjects_id`, `cost_ratio`, `status`, `remark`, `del_flag`, `create_user`, `create_time`, `update_user`, `update_time`) VALUES (194, '通讯费', 34, '00001', 19, 0.484, '0', '', '0', NULL, NULL, NULL, NULL);
INSERT INTO `biz_cost_budget_subjects` (`id`, `name`, `dept_id`, `subjects_type`, `subjects_id`, `cost_ratio`, `status`, `remark`, `del_flag`, `create_user`, `create_time`, `update_user`, `update_time`) VALUES (195, '交通费', 34, '00001', 20, 0.039, '0', '', '0', NULL, NULL, NULL, NULL);
INSERT INTO `biz_cost_budget_subjects` (`id`, `name`, `dept_id`, `subjects_type`, `subjects_id`, `cost_ratio`, `status`, `remark`, `del_flag`, `create_user`, `create_time`, `update_user`, `update_time`) VALUES (196, '劳保费', 34, '00001', 22, 0.058, '0', '', '0', NULL, NULL, NULL, NULL);
INSERT INTO `biz_cost_budget_subjects` (`id`, `name`, `dept_id`, `subjects_type`, `subjects_id`, `cost_ratio`, `status`, `remark`, `del_flag`, `create_user`, `create_time`, `update_user`, `update_time`) VALUES (197, '办公费', 34, '00001', 23, 9.687, '0', '', '0', NULL, NULL, NULL, NULL);
INSERT INTO `biz_cost_budget_subjects` (`id`, `name`, `dept_id`, `subjects_type`, `subjects_id`, `cost_ratio`, `status`, `remark`, `del_flag`, `create_user`, `create_time`, `update_user`, `update_time`) VALUES (198, '修理费', 34, '00001', 24, 0.194, '0', '', '0', NULL, NULL, NULL, NULL);
INSERT INTO `biz_cost_budget_subjects` (`id`, `name`, `dept_id`, `subjects_type`, `subjects_id`, `cost_ratio`, `status`, `remark`, `del_flag`, `create_user`, `create_time`, `update_user`, `update_time`) VALUES (199, '职工福利费', 34, '00001', 25, 0.581, '0', '', '0', NULL, NULL, NULL, NULL);
INSERT INTO `biz_cost_budget_subjects` (`id`, `name`, `dept_id`, `subjects_type`, `subjects_id`, `cost_ratio`, `status`, `remark`, `del_flag`, `create_user`, `create_time`, `update_user`, `update_time`) VALUES (200, '折旧费', 34, '00001', 26, 0.000, '0', '', '0', NULL, NULL, NULL, NULL);
INSERT INTO `biz_cost_budget_subjects` (`id`, `name`, `dept_id`, `subjects_type`, `subjects_id`, `cost_ratio`, `status`, `remark`, `del_flag`, `create_user`, `create_time`, `update_user`, `update_time`) VALUES (201, '咨询服务费', 34, '00001', 27, 0.581, '0', '', '0', NULL, NULL, NULL, NULL);
INSERT INTO `biz_cost_budget_subjects` (`id`, `name`, `dept_id`, `subjects_type`, `subjects_id`, `cost_ratio`, `status`, `remark`, `del_flag`, `create_user`, `create_time`, `update_user`, `update_time`) VALUES (202, '物料消耗', 34, '00001', 28, 0.000, '0', '', '0', NULL, NULL, NULL, NULL);
INSERT INTO `biz_cost_budget_subjects` (`id`, `name`, `dept_id`, `subjects_type`, `subjects_id`, `cost_ratio`, `status`, `remark`, `del_flag`, `create_user`, `create_time`, `update_user`, `update_time`) VALUES (203, '礼品费', 34, '00001', 29, 0.155, '0', '', '0', NULL, NULL, NULL, NULL);
INSERT INTO `biz_cost_budget_subjects` (`id`, `name`, `dept_id`, `subjects_type`, `subjects_id`, `cost_ratio`, `status`, `remark`, `del_flag`, `create_user`, `create_time`, `update_user`, `update_time`) VALUES (204, '售后运费', 34, '00001', 30, 0.097, '0', '', '0', NULL, NULL, NULL, NULL);
INSERT INTO `biz_cost_budget_subjects` (`id`, `name`, `dept_id`, `subjects_type`, `subjects_id`, `cost_ratio`, `status`, `remark`, `del_flag`, `create_user`, `create_time`, `update_user`, `update_time`) VALUES (205, '会议费', 34, '00001', 32, 0.194, '0', '', '0', NULL, NULL, NULL, NULL);
INSERT INTO `biz_cost_budget_subjects` (`id`, `name`, `dept_id`, `subjects_type`, `subjects_id`, `cost_ratio`, `status`, `remark`, `del_flag`, `create_user`, `create_time`, `update_user`, `update_time`) VALUES (206, '审计费', 34, '00001', 33, 0.000, '0', '', '0', NULL, NULL, NULL, NULL);
INSERT INTO `biz_cost_budget_subjects` (`id`, `name`, `dept_id`, `subjects_type`, `subjects_id`, `cost_ratio`, `status`, `remark`, `del_flag`, `create_user`, `create_time`, `update_user`, `update_time`) VALUES (207, '培训费', 34, '00001', 34, 0.872, '0', '', '0', NULL, NULL, NULL, NULL);
INSERT INTO `biz_cost_budget_subjects` (`id`, `name`, `dept_id`, `subjects_type`, `subjects_id`, `cost_ratio`, `status`, `remark`, `del_flag`, `create_user`, `create_time`, `update_user`, `update_time`) VALUES (208, '无形资产摊销', 34, '00001', 35, 1.744, '0', '', '0', NULL, NULL, NULL, NULL);
INSERT INTO `biz_cost_budget_subjects` (`id`, `name`, `dept_id`, `subjects_type`, `subjects_id`, `cost_ratio`, `status`, `remark`, `del_flag`, `create_user`, `create_time`, `update_user`, `update_time`) VALUES (209, '其它', 34, '00001', 36, 2.712, '0', '', '0', NULL, NULL, NULL, NULL);
INSERT INTO `biz_cost_budget_subjects` (`id`, `name`, `dept_id`, `subjects_type`, `subjects_id`, `cost_ratio`, `status`, `remark`, `del_flag`, `create_user`, `create_time`, `update_user`, `update_time`) VALUES (210, '生产电费', 34, '00007', 74, 12.593, '0', '', '0', NULL, NULL, NULL, NULL);
INSERT INTO `biz_cost_budget_subjects` (`id`, `name`, `dept_id`, `subjects_type`, `subjects_id`, `cost_ratio`, `status`, `remark`, `del_flag`, `create_user`, `create_time`, `update_user`, `update_time`) VALUES (211, '生产水费', 34, '00007', 75, 0.252, '0', '', '0', NULL, NULL, NULL, NULL);
INSERT INTO `biz_cost_budget_subjects` (`id`, `name`, `dept_id`, `subjects_type`, `subjects_id`, `cost_ratio`, `status`, `remark`, `del_flag`, `create_user`, `create_time`, `update_user`, `update_time`) VALUES (212, '办公电费', 34, '00007', 76, 0.000, '0', '', '0', NULL, NULL, NULL, NULL);
INSERT INTO `biz_cost_budget_subjects` (`id`, `name`, `dept_id`, `subjects_type`, `subjects_id`, `cost_ratio`, `status`, `remark`, `del_flag`, `create_user`, `create_time`, `update_user`, `update_time`) VALUES (213, '办公水费', 34, '00007', 77, 0.000, '0', '', '0', NULL, NULL, NULL, NULL);
INSERT INTO `biz_cost_budget_subjects` (`id`, `name`, `dept_id`, `subjects_type`, `subjects_id`, `cost_ratio`, `status`, `remark`, `del_flag`, `create_user`, `create_time`, `update_user`, `update_time`) VALUES (214, '油费', 34, '00009', 83, 2.712, '0', '', '0', NULL, NULL, NULL, NULL);
INSERT INTO `biz_cost_budget_subjects` (`id`, `name`, `dept_id`, `subjects_type`, `subjects_id`, `cost_ratio`, `status`, `remark`, `del_flag`, `create_user`, `create_time`, `update_user`, `update_time`) VALUES (215, '年检费', 34, '00009', 84, 0.097, '0', '', '0', NULL, NULL, NULL, NULL);
INSERT INTO `biz_cost_budget_subjects` (`id`, `name`, `dept_id`, `subjects_type`, `subjects_id`, `cost_ratio`, `status`, `remark`, `del_flag`, `create_user`, `create_time`, `update_user`, `update_time`) VALUES (216, '保险费', 34, '00009', 85, 0.736, '0', '', '0', NULL, NULL, NULL, NULL);
INSERT INTO `biz_cost_budget_subjects` (`id`, `name`, `dept_id`, `subjects_type`, `subjects_id`, `cost_ratio`, `status`, `remark`, `del_flag`, `create_user`, `create_time`, `update_user`, `update_time`) VALUES (217, '维修费', 34, '00009', 86, 0.872, '0', '', '0', NULL, NULL, NULL, NULL);
INSERT INTO `biz_cost_budget_subjects` (`id`, `name`, `dept_id`, `subjects_type`, `subjects_id`, `cost_ratio`, `status`, `remark`, `del_flag`, `create_user`, `create_time`, `update_user`, `update_time`) VALUES (218, '过路费', 34, '00009', 87, 0.058, '0', '', '0', NULL, NULL, NULL, NULL);
INSERT INTO `biz_cost_budget_subjects` (`id`, `name`, `dept_id`, `subjects_type`, `subjects_id`, `cost_ratio`, `status`, `remark`, `del_flag`, `create_user`, `create_time`, `update_user`, `update_time`) VALUES (219, '租赁费', 34, '00009', 88, 0.000, '0', '', '0', NULL, NULL, NULL, NULL);
INSERT INTO `biz_cost_budget_subjects` (`id`, `name`, `dept_id`, `subjects_type`, `subjects_id`, `cost_ratio`, `status`, `remark`, `del_flag`, `create_user`, `create_time`, `update_user`, `update_time`) VALUES (220, '养老保险', 34, '00011', 90, 22.279, '0', '', '0', NULL, NULL, NULL, NULL);
INSERT INTO `biz_cost_budget_subjects` (`id`, `name`, `dept_id`, `subjects_type`, `subjects_id`, `cost_ratio`, `status`, `remark`, `del_flag`, `create_user`, `create_time`, `update_user`, `update_time`) VALUES (221, '工伤保险', 34, '00011', 91, 1.550, '0', '', '0', NULL, NULL, NULL, NULL);
INSERT INTO `biz_cost_budget_subjects` (`id`, `name`, `dept_id`, `subjects_type`, `subjects_id`, `cost_ratio`, `status`, `remark`, `del_flag`, `create_user`, `create_time`, `update_user`, `update_time`) VALUES (222, '医疗保险', 34, '00011', 92, 8.718, '0', '', '0', NULL, NULL, NULL, NULL);
INSERT INTO `biz_cost_budget_subjects` (`id`, `name`, `dept_id`, `subjects_type`, `subjects_id`, `cost_ratio`, `status`, `remark`, `del_flag`, `create_user`, `create_time`, `update_user`, `update_time`) VALUES (223, '失业保险', 34, '00011', 93, 0.000, '0', '', '0', NULL, NULL, NULL, NULL);
INSERT INTO `biz_cost_budget_subjects` (`id`, `name`, `dept_id`, `subjects_type`, `subjects_id`, `cost_ratio`, `status`, `remark`, `del_flag`, `create_user`, `create_time`, `update_user`, `update_time`) VALUES (224, '建筑物', 34, '00012', 95, 0.000, '0', '', '0', NULL, NULL, NULL, NULL);
INSERT INTO `biz_cost_budget_subjects` (`id`, `name`, `dept_id`, `subjects_type`, `subjects_id`, `cost_ratio`, `status`, `remark`, `del_flag`, `create_user`, `create_time`, `update_user`, `update_time`) VALUES (225, '运输工具', 34, '00012', 99, 0.000, '0', '', '0', NULL, NULL, NULL, NULL);
INSERT INTO `biz_cost_budget_subjects` (`id`, `name`, `dept_id`, `subjects_type`, `subjects_id`, `cost_ratio`, `status`, `remark`, `del_flag`, `create_user`, `create_time`, `update_user`, `update_time`) VALUES (226, '家具', 34, '00012', 102, 0.000, '0', '', '0', NULL, NULL, NULL, NULL);
INSERT INTO `biz_cost_budget_subjects` (`id`, `name`, `dept_id`, `subjects_type`, `subjects_id`, `cost_ratio`, `status`, `remark`, `del_flag`, `create_user`, `create_time`, `update_user`, `update_time`) VALUES (227, '电子设备', 34, '00012', 103, 14.530, '0', '', '0', NULL, NULL, NULL, NULL);
INSERT INTO `biz_cost_budget_subjects` (`id`, `name`, `dept_id`, `subjects_type`, `subjects_id`, `cost_ratio`, `status`, `remark`, `del_flag`, `create_user`, `create_time`, `update_user`, `update_time`) VALUES (228, '行政管理中心', 34, '00015', 117, 8.330, '0', '', '0', NULL, NULL, NULL, NULL);
INSERT INTO `biz_cost_budget_subjects` (`id`, `name`, `dept_id`, `subjects_type`, `subjects_id`, `cost_ratio`, `status`, `remark`, `del_flag`, `create_user`, `create_time`, `update_user`, `update_time`) VALUES (229, '知识产权费', 38, '00001', 21, 1.994, '0', '', '0', NULL, NULL, NULL, NULL);
INSERT INTO `biz_cost_budget_subjects` (`id`, `name`, `dept_id`, `subjects_type`, `subjects_id`, `cost_ratio`, `status`, `remark`, `del_flag`, `create_user`, `create_time`, `update_user`, `update_time`) VALUES (230, '差旅费', 38, '00006', 65, 1.595, '0', '', '0', NULL, NULL, NULL, NULL);
INSERT INTO `biz_cost_budget_subjects` (`id`, `name`, `dept_id`, `subjects_type`, `subjects_id`, `cost_ratio`, `status`, `remark`, `del_flag`, `create_user`, `create_time`, `update_user`, `update_time`) VALUES (231, '培训费', 38, '00006', 66, 0.854, '0', '', '0', NULL, NULL, NULL, NULL);
INSERT INTO `biz_cost_budget_subjects` (`id`, `name`, `dept_id`, `subjects_type`, `subjects_id`, `cost_ratio`, `status`, `remark`, `del_flag`, `create_user`, `create_time`, `update_user`, `update_time`) VALUES (232, '检测费', 38, '00006', 67, 1.424, '0', '', '0', NULL, NULL, NULL, NULL);
INSERT INTO `biz_cost_budget_subjects` (`id`, `name`, `dept_id`, `subjects_type`, `subjects_id`, `cost_ratio`, `status`, `remark`, `del_flag`, `create_user`, `create_time`, `update_user`, `update_time`) VALUES (233, '材料费', 38, '00006', 68, 3.418, '0', '', '0', NULL, NULL, NULL, NULL);
INSERT INTO `biz_cost_budget_subjects` (`id`, `name`, `dept_id`, `subjects_type`, `subjects_id`, `cost_ratio`, `status`, `remark`, `del_flag`, `create_user`, `create_time`, `update_user`, `update_time`) VALUES (234, '委托加工费', 38, '00006', 69, 0.285, '0', '', '0', NULL, NULL, NULL, NULL);
INSERT INTO `biz_cost_budget_subjects` (`id`, `name`, `dept_id`, `subjects_type`, `subjects_id`, `cost_ratio`, `status`, `remark`, `del_flag`, `create_user`, `create_time`, `update_user`, `update_time`) VALUES (235, '设备费', 38, '00006', 70, 0.854, '0', '', '0', NULL, NULL, NULL, NULL);
INSERT INTO `biz_cost_budget_subjects` (`id`, `name`, `dept_id`, `subjects_type`, `subjects_id`, `cost_ratio`, `status`, `remark`, `del_flag`, `create_user`, `create_time`, `update_user`, `update_time`) VALUES (236, '工装费', 38, '00006', 71, 0.854, '0', '', '0', NULL, NULL, NULL, NULL);
INSERT INTO `biz_cost_budget_subjects` (`id`, `name`, `dept_id`, `subjects_type`, `subjects_id`, `cost_ratio`, `status`, `remark`, `del_flag`, `create_user`, `create_time`, `update_user`, `update_time`) VALUES (237, '试验费', 38, '00006', 72, 0.285, '0', '', '0', NULL, NULL, NULL, NULL);
INSERT INTO `biz_cost_budget_subjects` (`id`, `name`, `dept_id`, `subjects_type`, `subjects_id`, `cost_ratio`, `status`, `remark`, `del_flag`, `create_user`, `create_time`, `update_user`, `update_time`) VALUES (238, '模具', 38, '00006', 73, 28.480, '0', '', '0', NULL, NULL, NULL, NULL);
INSERT INTO `biz_cost_budget_subjects` (`id`, `name`, `dept_id`, `subjects_type`, `subjects_id`, `cost_ratio`, `status`, `remark`, `del_flag`, `create_user`, `create_time`, `update_user`, `update_time`) VALUES (239, '模具', 38, '00012', 98, 0.000, '0', '', '0', NULL, NULL, NULL, NULL);
INSERT INTO `biz_cost_budget_subjects` (`id`, `name`, `dept_id`, `subjects_type`, `subjects_id`, `cost_ratio`, `status`, `remark`, `del_flag`, `create_user`, `create_time`, `update_user`, `update_time`) VALUES (240, '产品研发中心', 38, '00015', 121, 58.385, '0', '', '0', NULL, NULL, NULL, NULL);
INSERT INTO `biz_cost_budget_subjects` (`id`, `name`, `dept_id`, `subjects_type`, `subjects_id`, `cost_ratio`, `status`, `remark`, `del_flag`, `create_user`, `create_time`, `update_user`, `update_time`) VALUES (241, '售后费用', 35, '00001', 31, 0.177, '0', '', '0', NULL, NULL, NULL, NULL);
INSERT INTO `biz_cost_budget_subjects` (`id`, `name`, `dept_id`, `subjects_type`, `subjects_id`, `cost_ratio`, `status`, `remark`, `del_flag`, `create_user`, `create_time`, `update_user`, `update_time`) VALUES (242, '办公费', 35, '00002', 37, 0.059, '0', '', '0', NULL, NULL, NULL, NULL);
INSERT INTO `biz_cost_budget_subjects` (`id`, `name`, `dept_id`, `subjects_type`, `subjects_id`, `cost_ratio`, `status`, `remark`, `del_flag`, `create_user`, `create_time`, `update_user`, `update_time`) VALUES (243, '差旅费', 35, '00002', 38, 0.030, '0', '', '0', NULL, NULL, NULL, NULL);
INSERT INTO `biz_cost_budget_subjects` (`id`, `name`, `dept_id`, `subjects_type`, `subjects_id`, `cost_ratio`, `status`, `remark`, `del_flag`, `create_user`, `create_time`, `update_user`, `update_time`) VALUES (244, '软件费', 35, '00002', 39, 0.030, '0', '', '0', NULL, NULL, NULL, NULL);
INSERT INTO `biz_cost_budget_subjects` (`id`, `name`, `dept_id`, `subjects_type`, `subjects_id`, `cost_ratio`, `status`, `remark`, `del_flag`, `create_user`, `create_time`, `update_user`, `update_time`) VALUES (245, '交通费', 35, '00002', 40, 0.006, '0', '', '0', NULL, NULL, NULL, NULL);
INSERT INTO `biz_cost_budget_subjects` (`id`, `name`, `dept_id`, `subjects_type`, `subjects_id`, `cost_ratio`, `status`, `remark`, `del_flag`, `create_user`, `create_time`, `update_user`, `update_time`) VALUES (246, '贷款', 35, '00002', 41, 65.790, '0', '', '0', NULL, NULL, NULL, NULL);
INSERT INTO `biz_cost_budget_subjects` (`id`, `name`, `dept_id`, `subjects_type`, `subjects_id`, `cost_ratio`, `status`, `remark`, `del_flag`, `create_user`, `create_time`, `update_user`, `update_time`) VALUES (247, '手续费', 35, '00002', 42, 0.177, '0', '', '0', NULL, NULL, NULL, NULL);
INSERT INTO `biz_cost_budget_subjects` (`id`, `name`, `dept_id`, `subjects_type`, `subjects_id`, `cost_ratio`, `status`, `remark`, `del_flag`, `create_user`, `create_time`, `update_user`, `update_time`) VALUES (248, '贷款利息', 35, '00002', 43, 5.029, '0', '', '0', NULL, NULL, NULL, NULL);
INSERT INTO `biz_cost_budget_subjects` (`id`, `name`, `dept_id`, `subjects_type`, `subjects_id`, `cost_ratio`, `status`, `remark`, `del_flag`, `create_user`, `create_time`, `update_user`, `update_time`) VALUES (249, '增值税', 35, '00013', 104, 17.749, '0', '', '0', NULL, NULL, NULL, NULL);
INSERT INTO `biz_cost_budget_subjects` (`id`, `name`, `dept_id`, `subjects_type`, `subjects_id`, `cost_ratio`, `status`, `remark`, `del_flag`, `create_user`, `create_time`, `update_user`, `update_time`) VALUES (250, '城市维护建设税', 35, '00013', 105, 1.242, '0', '', '0', NULL, NULL, NULL, NULL);
INSERT INTO `biz_cost_budget_subjects` (`id`, `name`, `dept_id`, `subjects_type`, `subjects_id`, `cost_ratio`, `status`, `remark`, `del_flag`, `create_user`, `create_time`, `update_user`, `update_time`) VALUES (251, '教育费附加', 35, '00013', 106, 0.532, '0', '', '0', NULL, NULL, NULL, NULL);
INSERT INTO `biz_cost_budget_subjects` (`id`, `name`, `dept_id`, `subjects_type`, `subjects_id`, `cost_ratio`, `status`, `remark`, `del_flag`, `create_user`, `create_time`, `update_user`, `update_time`) VALUES (252, '地方教育费附加', 35, '00013', 107, 0.355, '0', '', '0', NULL, NULL, NULL, NULL);
INSERT INTO `biz_cost_budget_subjects` (`id`, `name`, `dept_id`, `subjects_type`, `subjects_id`, `cost_ratio`, `status`, `remark`, `del_flag`, `create_user`, `create_time`, `update_user`, `update_time`) VALUES (253, '印花税', 35, '00013', 108, 0.177, '0', '', '0', NULL, NULL, NULL, NULL);
INSERT INTO `biz_cost_budget_subjects` (`id`, `name`, `dept_id`, `subjects_type`, `subjects_id`, `cost_ratio`, `status`, `remark`, `del_flag`, `create_user`, `create_time`, `update_user`, `update_time`) VALUES (254, '土地使用税', 35, '00013', 109, 0.473, '0', '', '0', NULL, NULL, NULL, NULL);
INSERT INTO `biz_cost_budget_subjects` (`id`, `name`, `dept_id`, `subjects_type`, `subjects_id`, `cost_ratio`, `status`, `remark`, `del_flag`, `create_user`, `create_time`, `update_user`, `update_time`) VALUES (255, '企业所得税', 35, '00013', 110, 0.769, '0', '', '0', NULL, NULL, NULL, NULL);
INSERT INTO `biz_cost_budget_subjects` (`id`, `name`, `dept_id`, `subjects_type`, `subjects_id`, `cost_ratio`, `status`, `remark`, `del_flag`, `create_user`, `create_time`, `update_user`, `update_time`) VALUES (256, '残疾人就业保障金', 35, '00013', 111, 0.769, '0', '', '0', NULL, NULL, NULL, NULL);
INSERT INTO `biz_cost_budget_subjects` (`id`, `name`, `dept_id`, `subjects_type`, `subjects_id`, `cost_ratio`, `status`, `remark`, `del_flag`, `create_user`, `create_time`, `update_user`, `update_time`) VALUES (257, '房产税', 35, '00013', 112, 2.367, '0', '', '0', NULL, NULL, NULL, NULL);
INSERT INTO `biz_cost_budget_subjects` (`id`, `name`, `dept_id`, `subjects_type`, `subjects_id`, `cost_ratio`, `status`, `remark`, `del_flag`, `create_user`, `create_time`, `update_user`, `update_time`) VALUES (258, '工会经费', 35, '00013', 113, 0.538, '0', '', '0', NULL, NULL, NULL, NULL);
INSERT INTO `biz_cost_budget_subjects` (`id`, `name`, `dept_id`, `subjects_type`, `subjects_id`, `cost_ratio`, `status`, `remark`, `del_flag`, `create_user`, `create_time`, `update_user`, `update_time`) VALUES (259, '财务管理中心', 35, '00015', 120, 3.668, '0', '', '0', NULL, NULL, NULL, NULL);


INSERT INTO `sys_dict` ( `type_code`, `type_name`, `code`, `name`, `sort_no`, `status`, `dict_desc`, `create_time`) VALUES ( 'VEHICLE_TYPE', '交通工具', '6', '自驾', 0, 1, '', '2022-03-28 15:12:45');
INSERT INTO `sys_dict` ( `type_code`, `type_name`, `code`, `name`, `sort_no`, `status`, `dict_desc`, `create_time`) VALUES ( 'VEHICLE_TYPE', '交通工具', '5', '轮渡', 0, 1, '', '2022-03-28 15:12:45');
INSERT INTO `sys_dict` ( `type_code`, `type_name`, `code`, `name`, `sort_no`, `status`, `dict_desc`, `create_time`) VALUES ( 'VEHICLE_TYPE', '交通工具', '4', '飞机', 0, 1, '', '2022-03-28 15:12:45');
INSERT INTO `sys_dict` ( `type_code`, `type_name`, `code`, `name`, `sort_no`, `status`, `dict_desc`, `create_time`) VALUES ( 'VEHICLE_TYPE', '交通工具', '3', '汽车', 0, 1, '', '2022-03-28 15:12:45');
INSERT INTO `sys_dict` ( `type_code`, `type_name`, `code`, `name`, `sort_no`, `status`, `dict_desc`, `create_time`) VALUES ( 'SUBJECTS_TYPE', '科目类型', '00013', '税金', 0, 0, '', '2021-12-29 22:02:30');
INSERT INTO `sys_dict` ( `type_code`, `type_name`, `code`, `name`, `sort_no`, `status`, `dict_desc`, `create_time`) VALUES ( 'PROJECT_TYPE', '报销项目类型', '6', '其他', 0, 1, '', '2022-03-31 16:56:07');
INSERT INTO `sys_dict` ( `type_code`, `type_name`, `code`, `name`, `sort_no`, `status`, `dict_desc`, `create_time`) VALUES ( 'PROJECT_TYPE', '报销项目类型', '5', '不买卧铺补贴', 0, 1, '', '2022-03-31 15:06:21');
INSERT INTO `sys_dict` ( `type_code`, `type_name`, `code`, `name`, `sort_no`, `status`, `dict_desc`, `create_time`) VALUES ( 'PROJECT_TYPE', '报销项目类型', '4', '办公用品费', 0, 1, '', '2022-03-31 15:06:21');
INSERT INTO `sys_dict` ( `type_code`, `type_name`, `code`, `name`, `sort_no`, `status`, `dict_desc`, `create_time`) VALUES ( 'PROJECT_TYPE', '报销项目类型', '3', '邮电费', 0, 1, '', '2022-03-31 15:06:21');
INSERT INTO `sys_dict` ( `type_code`, `type_name`, `code`, `name`, `sort_no`, `status`, `dict_desc`, `create_time`) VALUES ( 'PROJECT_TYPE', '报销项目类型', '2', '市内车费', 0, 1, '', '2022-03-31 15:06:21');
INSERT INTO `sys_dict` ( `type_code`, `type_name`, `code`, `name`, `sort_no`, `status`, `dict_desc`, `create_time`) VALUES ( 'PROJECT_TYPE', '报销项目类型', '1', '住宿费', 0, 1, '', '2022-03-31 15:06:21');
INSERT INTO `sys_dict` ( `type_code`, `type_name`, `code`, `name`, `sort_no`, `status`, `dict_desc`, `create_time`) VALUES ( 'VEHICLE_TYPE', '交通工具', '2', '高铁', 0, 1, '', '2022-03-28 15:12:45');
INSERT INTO `sys_dict` ( `type_code`, `type_name`, `code`, `name`, `sort_no`, `status`, `dict_desc`, `create_time`) VALUES ( 'VEHICLE_TYPE', '交通工具', '1', '火车', 0, 1, '', '2022-03-28 15:12:35');
INSERT INTO `sys_dict` ( `type_code`, `type_name`, `code`, `name`, `sort_no`, `status`, `dict_desc`, `create_time`) VALUES ( 'PAY_ACCOUNT', '付款/收款账号', '3', '中国邮政储蓄银行股份有限公司侯马市呈王路支行', 0, 0, '', '2019-05-09 15:13:01');
INSERT INTO `sys_dict` ( `type_code`, `type_name`, `code`, `name`, `sort_no`, `status`, `dict_desc`, `create_time`) VALUES ( 'PAY_ACCOUNT', '付款/收款账号', '2', '中国银行侯马支行', 0, 0, '', '2019-05-09 15:13:01');
INSERT INTO `sys_dict` ( `type_code`, `type_name`, `code`, `name`, `sort_no`, `status`, `dict_desc`, `create_time`) VALUES ( 'PAY_ACCOUNT', '付款/收款账号', '1', '中国建行银行股份有限公司侯马开发区支行', 0, 0, '', '2019-05-09 15:13:01');
INSERT INTO `sys_dict` ( `type_code`, `type_name`, `code`, `name`, `sort_no`, `status`, `dict_desc`, `create_time`) VALUES ( 'COLLECTION_TYPE', '收款类型', '4', '其他', 0, 0, '', '2019-05-09 15:13:01');
INSERT INTO `sys_dict` ( `type_code`, `type_name`, `code`, `name`, `sort_no`, `status`, `dict_desc`, `create_time`) VALUES ( 'COLLECTION_TYPE', '收款类型', '3', '借款', 0, 0, '', '2019-05-09 15:13:01');
INSERT INTO `sys_dict` ( `type_code`, `type_name`, `code`, `name`, `sort_no`, `status`, `dict_desc`, `create_time`) VALUES ( 'COLLECTION_TYPE', '收款类型', '2', '货款', 0, 0, '', '2019-05-09 15:13:01');
INSERT INTO `sys_dict` ( `type_code`, `type_name`, `code`, `name`, `sort_no`, `status`, `dict_desc`, `create_time`) VALUES ( 'COLLECTION_TYPE', '收款类型', '1', '费用', 0, 0, '', '2019-05-09 15:13:01');
INSERT INTO `sys_dict` ( `type_code`, `type_name`, `code`, `name`, `sort_no`, `status`, `dict_desc`, `create_time`) VALUES ( 'PAYMENT_TYPE', '付款类型', '4', '其他', 0, 0, '', '2019-05-09 15:13:01');
INSERT INTO `sys_dict` ( `type_code`, `type_name`, `code`, `name`, `sort_no`, `status`, `dict_desc`, `create_time`) VALUES ( 'PAYMENT_TYPE', '付款类型', '3', '借款', 0, 0, '', '2019-05-09 15:13:01');
INSERT INTO `sys_dict` ( `type_code`, `type_name`, `code`, `name`, `sort_no`, `status`, `dict_desc`, `create_time`) VALUES ( 'PAYMENT_TYPE', '付款类型', '2', '货款', 0, 0, '', '2019-05-09 15:13:01');
INSERT INTO `sys_dict` ( `type_code`, `type_name`, `code`, `name`, `sort_no`, `status`, `dict_desc`, `create_time`) VALUES ( 'PAYMENT_TYPE', '付款类型', '1', '费用', 0, 0, '', '2019-05-09 15:13:01');
INSERT INTO `sys_dict` ( `type_code`, `type_name`, `code`, `name`, `sort_no`, `status`, `dict_desc`, `create_time`) VALUES ( 'SUBJECTS_TYPE', '科目类型', '00012', '固定资产', 0, 0, '', '2021-12-29 22:02:30');
INSERT INTO `sys_dict` ( `type_code`, `type_name`, `code`, `name`, `sort_no`, `status`, `dict_desc`, `create_time`) VALUES ( 'SUBJECTS_TYPE', '科目类型', '00015', '工资', 0, 0, '', '2021-12-29 22:02:30');
INSERT INTO `sys_dict` ( `type_code`, `type_name`, `code`, `name`, `sort_no`, `status`, `dict_desc`, `create_time`) VALUES ( 'SUBJECTS_TYPE', '科目类型', '00014', '材料费', 0, 0, '', '2021-12-29 22:02:30');
INSERT INTO `sys_dict` ( `type_code`, `type_name`, `code`, `name`, `sort_no`, `status`, `dict_desc`, `create_time`) VALUES ( 'SUBJECTS_TYPE', '科目类型', '00004', '生产费用', 0, 0, '', '2021-12-29 22:02:30');
INSERT INTO `sys_dict` ( `type_code`, `type_name`, `code`, `name`, `sort_no`, `status`, `dict_desc`, `create_time`) VALUES ( 'SUBJECTS_TYPE', '科目类型', '00006', '研发费用', 0, 0, '', '2021-12-29 22:02:30');
INSERT INTO `sys_dict` ( `type_code`, `type_name`, `code`, `name`, `sort_no`, `status`, `dict_desc`, `create_time`) VALUES ( 'SUBJECTS_TYPE', '科目类型', '00011', '社保', 0, 0, '', '2021-12-29 22:02:30');
INSERT INTO `sys_dict` ( `type_code`, `type_name`, `code`, `name`, `sort_no`, `status`, `dict_desc`, `create_time`) VALUES ( 'SUBJECTS_TYPE', '科目类型', '00010', '租金', 0, 0, '', '2021-12-29 22:02:30');
INSERT INTO `sys_dict` ( `type_code`, `type_name`, `code`, `name`, `sort_no`, `status`, `dict_desc`, `create_time`) VALUES ( 'SUBJECTS_TYPE', '科目类型', '00001', '管理费用', 0, 0, '', '2021-12-29 22:02:30');
INSERT INTO `sys_dict` ( `type_code`, `type_name`, `code`, `name`, `sort_no`, `status`, `dict_desc`, `create_time`) VALUES ( 'SUBJECTS_TYPE', '科目类型', '00007', '能耗费用', 0, 0, '', '2021-12-29 22:02:30');
INSERT INTO `sys_dict` ( `type_code`, `type_name`, `code`, `name`, `sort_no`, `status`, `dict_desc`, `create_time`) VALUES ( 'SUBJECTS_TYPE', '科目类型', '00002', '财务费用', 0, 0, '', '2021-12-29 22:02:30');
INSERT INTO `sys_dict` ( `type_code`, `type_name`, `code`, `name`, `sort_no`, `status`, `dict_desc`, `create_time`) VALUES ( 'SUBJECTS_TYPE', '科目类型', '00005', '质量费用', 0, 0, '', '2021-12-29 22:02:30');
INSERT INTO `sys_dict` ( `type_code`, `type_name`, `code`, `name`, `sort_no`, `status`, `dict_desc`, `create_time`) VALUES ( 'SUBJECTS_TYPE', '科目类型', '00009', '车辆费用', 0, 0, '', '2021-12-29 22:02:30');
INSERT INTO `sys_dict` ( `type_code`, `type_name`, `code`, `name`, `sort_no`, `status`, `dict_desc`, `create_time`) VALUES ( 'SUBJECTS_TYPE', '科目类型', '00003', '采购费用', 0, 0, '', '2021-12-29 22:02:30');
INSERT INTO `sys_dict` ( `type_code`, `type_name`, `code`, `name`, `sort_no`, `status`, `dict_desc`, `create_time`) VALUES ( 'SUBJECTS_TYPE', '科目类型', '00008', '销售费用', 0, 0, '', '2021-12-29 22:02:30');


-- 不添加
INSERT INTO `flow` ( `create_time`, `update_time`, `create_user`, `update_user`, `name`, `description`, `role_id`) VALUES (10, '2019-12-28 17:39:55', '2019-12-28 17:39:55', 1, 1, '付款申请审批流程', '付款申请审批流程', 0);
INSERT INTO `flow` ( `create_time`, `update_time`, `create_user`, `update_user`, `name`, `description`, `role_id`) VALUES (11, '2019-12-28 17:39:55', '2022-02-11 09:33:39', 1, 1, '报销申请审批流程', '报销申请审批流程', 0);
INSERT INTO `flow` ( `create_time`, `update_time`, `create_user`, `update_user`, `name`, `description`, `role_id`) VALUES (12, '2019-12-28 17:39:55', '2022-02-11 09:33:54', 1, 1, '借款申请审批流程', '借款申请审批流程', 0);


-- 菜单
INSERT INTO `sys_permission` ( `perm_name`, `description`, `url`, `pid`, `is_delete`, `create_time`,
                                        `update_time`)
VALUES (206, 'm', '好利财务', 'parent-hlcw', 0, 0, '2021-12-16 22:12:34', '2021-12-16 22:54:59');
INSERT INTO `sys_permission` ( `perm_name`, `description`, `url`, `pid`, `is_delete`, `create_time`,
                                        `update_time`)
VALUES (207, 'm', '应收款项', 'yskx', 206, 0, '2021-11-14 13:37:21', '2022-02-11 09:43:51');
INSERT INTO `sys_permission` ( `perm_name`, `description`, `url`, `pid`, `is_delete`, `create_time`,
                                        `update_time`)
VALUES (208, 'm', '付款计划', 'fkjh', 206, 0, '2021-11-14 13:37:21', '2022-02-11 09:43:51');
INSERT INTO `sys_permission` ( `perm_name`, `description`, `url`, `pid`, `is_delete`, `create_time`,
                                        `update_time`)
VALUES (209, 'm', '财务挂帐', 'cwgg', 206, 0, '2021-11-14 13:37:21', '2022-02-11 09:43:50');
INSERT INTO `sys_permission` ( `perm_name`, `description`, `url`, `pid`, `is_delete`, `create_time`,
                                        `update_time`)
VALUES (210, 'm', '应付汇总', 'yfhz', 206, 0, '2021-11-14 13:37:21', '2022-02-11 09:43:50');
INSERT INTO `sys_permission` ( `perm_name`, `description`, `url`, `pid`, `is_delete`, `create_time`,
                                        `update_time`)
VALUES (211, 'm', '科目管理', 'kmgl', 206, 0, '2021-11-14 13:37:21', '2022-02-11 09:43:50');
INSERT INTO `sys_permission` ( `perm_name`, `description`, `url`, `pid`, `is_delete`, `create_time`,
                                        `update_time`)
VALUES (212, 'm', '费用预算', 'fyys', 206, 0, '2021-11-14 13:37:21', '2022-02-11 09:43:49');
INSERT INTO `sys_permission` ( `perm_name`, `description`, `url`, `pid`, `is_delete`, `create_time`,
                                        `update_time`)
VALUES (213, 'm', '报销申请', 'bxsq', 206, 0, '2021-11-14 13:37:21', '2022-02-11 09:43:49');
INSERT INTO `sys_permission` ( `perm_name`, `description`, `url`, `pid`, `is_delete`, `create_time`,
                                        `update_time`)
VALUES (214, 'm', '报销支付', 'bxzf', 206, 0, '2021-11-14 13:37:21', '2022-02-11 09:43:49');
INSERT INTO `sys_permission` ( `perm_name`, `description`, `url`, `pid`, `is_delete`, `create_time`,
                                        `update_time`)
VALUES (215, 'm', '借款申请', 'jksq', 206, 0, '2021-11-14 13:37:21', '2022-02-11 09:43:49');
INSERT INTO `sys_permission` ( `perm_name`, `description`, `url`, `pid`, `is_delete`, `create_time`,
                                        `update_time`)
VALUES (216, 'm', '借款付款', 'jkfk', 206, 0, '2021-11-14 13:37:21', '2022-02-11 09:43:48');
INSERT INTO `sys_permission` ( `perm_name`, `description`, `url`, `pid`, `is_delete`, `create_time`,
                                        `update_time`)
VALUES (217, 'm', '现金日记账', 'xjrjz', 206, 0, '2021-11-14 13:37:21', '2022-02-11 09:43:48');
INSERT INTO `sys_permission` ( `perm_name`, `description`, `url`, `pid`, `is_delete`, `create_time`,
                                        `update_time`)
VALUES (218, 'm', '银行日记账', 'yhrjz', 206, 0, '2021-11-14 13:37:21', '2022-02-11 09:43:48');
INSERT INTO `sys_permission` ( `perm_name`, `description`, `url`, `pid`, `is_delete`, `create_time`,
                                        `update_time`)
VALUES (219, 'm', '其他货币资金日记账', 'qtrjz', 206, 0, '2021-11-14 13:37:21', '2022-02-11 09:43:48');
INSERT INTO `sys_permission` ( `perm_name`, `description`, `url`, `pid`, `is_delete`, `create_time`,
                                        `update_time`)
VALUES (220, 'm', '分解审核', 'fjsh', 206, 0, '2021-11-14 13:37:21', '2022-02-11 09:43:48');
INSERT INTO `sys_permission` ( `perm_name`, `description`, `url`, `pid`, `is_delete`, `create_time`,
                                        `update_time`)
VALUES (221, 'm', '新增付款申请', 'xzfksq', 73, 0, '2019-04-16 21:51:02', '2019-04-16 21:51:02');
INSERT INTO `sys_permission` ( `perm_name`, `description`, `url`, `pid`, `is_delete`, `create_time`,
                                        `update_time`)
VALUES (222, 'm', '考核指标列表', 'khzb', 159, 0, '2022-02-11 10:39:28', '2022-02-11 10:39:28');
INSERT INTO `sys_permission` ( `perm_name`, `description`, `url`, `pid`, `is_delete`, `create_time`,
                                        `update_time`)
VALUES (223, 'm', '生产能力列表', 'scnl', 159, 0, '2022-02-11 10:42:47', '2022-02-11 10:42:47');
INSERT INTO `sys_permission` ( `perm_name`, `description`, `url`, `pid`, `is_delete`, `create_time`,
                                        `update_time`)
VALUES (224, 'm', '工资查询列表', 'gzcxlb', 159, 0, '2022-02-11 10:43:10', '2022-02-11 10:43:10');
INSERT INTO `sys_permission` ( `perm_name`, `description`, `url`, `pid`, `is_delete`, `create_time`,
                                        `update_time`)
VALUES (225, 'm', '班组列表', 'bzlb', 159, 0, '2022-02-11 10:43:37', '2022-02-11 10:43:37');
INSERT INTO `sys_permission` ( `perm_name`, `description`, `url`, `pid`, `is_delete`, `create_time`,
                                        `update_time`)
VALUES (226, 'm', '考核打分列表', 'khdf', 159, 0, '2022-02-11 10:44:11', '2022-02-11 10:44:11');
INSERT INTO `sys_permission` ( `perm_name`, `description`, `url`, `pid`, `is_delete`, `create_time`,
                                        `update_time`)
VALUES (227, 'm', '任务分配-零件加工', 'rwljjggl', 159, 0, '2022-02-11 10:44:29', '2022-02-11 10:44:29');
INSERT INTO `sys_permission` ( `perm_name`, `description`, `url`, `pid`, `is_delete`, `create_time`,
                                        `update_time`)
VALUES (228, 'm', '任务分配-生产订单', 'rwscddlb', 159, 0, '2022-02-11 10:44:47', '2022-02-11 10:44:47');
INSERT INTO `sys_permission` ( `perm_name`, `description`, `url`, `pid`, `is_delete`, `create_time`,
                                        `update_time`)
VALUES (229, 'm', '任务分配-喷涂加工', 'rwptjglb', 159, 0, '2022-02-11 10:45:05', '2022-02-11 10:45:05');
INSERT INTO `sys_permission` ( `perm_name`, `description`, `url`, `pid`, `is_delete`, `create_time`,
                                        `update_time`)
VALUES (230, 'm', '岗位管理', 'bmlb', 159, 0, '2022-02-11 17:37:06', '2022-02-11 17:44:46');
INSERT INTO `sys_permission` ( `perm_name`, `description`, `url`, `pid`, `is_delete`, `create_time`,
                                        `update_time`)
VALUES (231, 'm', '部门预算', 'bmfyys', 206, 0, '2021-11-14 13:37:21', '2022-02-12 14:13:59');
INSERT INTO `sys_permission` ( `perm_name`, `description`, `url`, `pid`, `is_delete`, `create_time`,
                                        `update_time`)
VALUES (232, 'm', '科目预算', 'kmfyys', 206, 0, '2021-11-14 13:37:21', '2022-02-12 14:14:08');
INSERT INTO `sys_permission` ( `perm_name`, `description`, `url`, `pid`, `is_delete`, `create_time`,
                                        `update_time`)
VALUES (233, 'm', '回款分解', 'ddhkfj', 87, 0, '2021-11-14 13:37:21', '2022-02-12 18:14:54');
INSERT INTO `sys_permission` ( `perm_name`, `description`, `url`, `pid`, `is_delete`, `create_time`,
                                        `update_time`)
VALUES (234, 'm', '付款申请列表', 'fksqlb', 73, 0, '2021-11-14 13:37:21', '2022-02-12 18:19:09');

-- 流程节点

INSERT INTO `step` ( `id`,`create_time`, `update_time`, `create_user_id`, `name`, `description`)
VALUES (85, '2022-02-11 11:35:20', '2022-02-11 11:35:20', 1, '往来会计审批', '借款流程-往来会计审批');
INSERT INTO `step` (`id`, `create_time`, `update_time`, `create_user_id`, `name`, `description`)
VALUES (86, '2022-02-11 11:35:30', '2022-02-11 11:35:40', 1, '总经理审批', '借款流程-总经理审批');
INSERT INTO `step` (`id`, `create_time`, `update_time`, `create_user_id`, `name`, `description`)
VALUES (87, '2022-02-11 12:00:35', '2022-02-11 13:44:55', 1, '采购员申请', '付款流程-采购员申请');
INSERT INTO `step` ( `id`,`create_time`, `update_time`, `create_user_id`, `name`, `description`)
VALUES (88, '2022-02-11 12:00:35', '2022-02-11 12:00:35', 1, '采购主管（经理）审批', '付款流程-采购主管（经理）审批');
INSERT INTO `step` ( `id`,`create_time`, `update_time`, `create_user_id`, `name`, `description`)
VALUES (89, '2022-02-11 12:00:35', '2022-02-11 12:00:35', 1, '主管领导审批', '付款流程-主管领导审批');
INSERT INTO `step` ( `id`,`create_time`, `update_time`, `create_user_id`, `name`, `description`)
VALUES (90, '2022-02-11 12:00:35', '2022-02-11 12:00:35', 1, '往来会计审批', '付款流程-往来会计审批');
INSERT INTO `step` (`id`, `create_time`, `update_time`, `create_user_id`, `name`, `description`)
VALUES (91, '2022-02-11 12:00:35', '2022-02-11 12:00:35', 1, '总经理审批', '付款流程-总经理审批');
INSERT INTO `step` (`id`, `create_time`, `update_time`, `create_user_id`, `name`, `description`)
VALUES (92, '2022-02-11 11:35:20', '2022-02-11 15:37:42', 1, '往来会计审批', '报销流程-往来会计审批');
INSERT INTO `step` ( `id`,`create_time`, `update_time`, `create_user_id`, `name`, `description`)
VALUES (93, '2022-02-11 11:35:30', '2022-02-11 11:35:40', 1, '总经理审批', '报销流程-总经理审批');


-- 流程配置

INSERT INTO `flow_step` (`id`, `create_time`, `update_time`, `create_user_id`, `flow_id`, `step_id`,
                                   `user_id`, `role_id`, `prev_step_id`, `condition_true`, `condition_false`,
                                   `form_show_step_id`, `step_order`)
VALUES (111, '2019-12-28 17:46:59', '2022-02-11 11:39:01', 1, 12, 86, '47', 2, 85, 0, 0, '', 2);
INSERT INTO `flow_step` (`id`, `create_time`, `update_time`, `create_user_id`, `flow_id`, `step_id`,
                                   `user_id`, `role_id`, `prev_step_id`, `condition_true`, `condition_false`,
                                   `form_show_step_id`, `step_order`)
VALUES (110, '2019-12-28 17:46:59', '2022-02-11 15:12:01', 1, 12, 85, '87', 42, 0, 86, 0, '', 1);
INSERT INTO `flow_step` (`id`, `create_time`, `update_time`, `create_user_id`, `flow_id`, `step_id`,
                                   `user_id`, `role_id`, `prev_step_id`, `condition_true`, `condition_false`,
                                   `form_show_step_id`, `step_order`)
VALUES (103, '2019-12-28 17:46:59', '2022-02-11 15:40:42', 1, 11, 93, '64', 2, 0, 0, 0, '', 2);
INSERT INTO `flow_step` (`id`, `create_time`, `update_time`, `create_user_id`, `flow_id`, `step_id`,
                                   `user_id`, `role_id`, `prev_step_id`, `condition_true`, `condition_false`,
                                   `form_show_step_id`, `step_order`)
VALUES (102, '2019-12-28 17:46:59', '2022-02-11 15:40:31', 1, 11, 92, '', 42, 0, 92, 0, '', 1);
INSERT INTO `flow_step` ( `id`,`create_time`, `update_time`, `create_user_id`, `flow_id`, `step_id`,
                                   `user_id`, `role_id`, `prev_step_id`, `condition_true`, `condition_false`,
                                   `form_show_step_id`, `step_order`)
VALUES (98, '2019-12-28 17:46:59', '2022-02-11 14:37:55', 1, 10, 91, '47', 2, 90, 0, 0, '87', 5);
INSERT INTO `flow_step` ( `id`,`create_time`, `update_time`, `create_user_id`, `flow_id`, `step_id`,
                                   `user_id`, `role_id`, `prev_step_id`, `condition_true`, `condition_false`,
                                   `form_show_step_id`, `step_order`)
VALUES (97, '2019-12-28 17:46:59', '2022-02-11 14:37:55', 1, 10, 90, '87', 42, 89, 91, 0, '87', 4);
INSERT INTO `flow_step` ( `id`,`create_time`, `update_time`, `create_user_id`, `flow_id`, `step_id`,
                                   `user_id`, `role_id`, `prev_step_id`, `condition_true`, `condition_false`,
                                   `form_show_step_id`, `step_order`)
VALUES (96, '2019-12-28 17:46:59', '2022-02-11 14:37:55', 1, 10, 89, '48', 3, 88, 90, 0, '87', 3);
INSERT INTO `flow_step` ( `id`,`create_time`, `update_time`, `create_user_id`, `flow_id`, `step_id`,
                                   `user_id`, `role_id`, `prev_step_id`, `condition_true`, `condition_false`,
                                   `form_show_step_id`, `step_order`)
VALUES (95, '2019-12-28 17:46:59', '2022-02-11 14:37:55', 1, 10, 88, '113', 9, 87, 89, 0, '87', 2);
INSERT INTO `flow_step` ( `id`,`create_time`, `update_time`, `create_user_id`, `flow_id`, `step_id`,
                                   `user_id`, `role_id`, `prev_step_id`, `condition_true`, `condition_false`,
                                   `form_show_step_id`, `step_order`)
VALUES (94, '2019-12-28 17:46:59', '2022-02-11 14:37:55', 1, 10, 87, '77', 32, 0, 88, 0, '87', 1);





